-- MySQL dump 10.13  Distrib 8.0.12, for osx10.13 (x86_64)
--
-- Host: localhost    Database: chapoclac
-- ------------------------------------------------------
-- Server version	8.0.12

/*!40101 SET @OLD_CHARACTER_SET_CLIENT=@@CHARACTER_SET_CLIENT */;
/*!40101 SET @OLD_CHARACTER_SET_RESULTS=@@CHARACTER_SET_RESULTS */;
/*!40101 SET @OLD_COLLATION_CONNECTION=@@COLLATION_CONNECTION */;
 SET NAMES utf8mb4 ;
/*!40103 SET @OLD_TIME_ZONE=@@TIME_ZONE */;
/*!40103 SET TIME_ZONE='+00:00' */;
/*!40014 SET @OLD_UNIQUE_CHECKS=@@UNIQUE_CHECKS, UNIQUE_CHECKS=0 */;
/*!40014 SET @OLD_FOREIGN_KEY_CHECKS=@@FOREIGN_KEY_CHECKS, FOREIGN_KEY_CHECKS=0 */;
/*!40101 SET @OLD_SQL_MODE=@@SQL_MODE, SQL_MODE='NO_AUTO_VALUE_ON_ZERO' */;
/*!40111 SET @OLD_SQL_NOTES=@@SQL_NOTES, SQL_NOTES=0 */;

--
-- Current Database: `chapoclac`
--

CREATE DATABASE /*!32312 IF NOT EXISTS*/ `chapoclac` /*!40100 DEFAULT CHARACTER SET utf8mb4 */;

USE `chapoclac`;

--
-- Table structure for table `activities`
--

DROP TABLE IF EXISTS `activities`;
/*!40101 SET @saved_cs_client     = @@character_set_client */;
 SET character_set_client = utf8mb4 ;
CREATE TABLE `activities` (
  `id` int(11) NOT NULL AUTO_INCREMENT,
  `cours` varchar(255) COLLATE utf8mb4_unicode_ci NOT NULL,
  `day` varchar(255) COLLATE utf8mb4_unicode_ci NOT NULL,
  `reservation` varchar(255) COLLATE utf8mb4_unicode_ci DEFAULT NULL,
  `hour` varchar(255) COLLATE utf8mb4_unicode_ci NOT NULL,
  `picture` varchar(255) COLLATE utf8mb4_unicode_ci NOT NULL,
  `price` VARCHAR(255) NOT NULL,
  `vacation` VARCHAR(255) DEFAULT NULL,
  `hour_vacation` VARCHAR(255) DEFAULT NULL,
  PRIMARY KEY (`id`)
) ENGINE=InnoDB AUTO_INCREMENT=11 DEFAULT CHARSET=utf8mb4 COLLATE=utf8mb4_unicode_ci;
/*!40101 SET character_set_client = @saved_cs_client */;

--
-- Dumping data for table `activities`
--

LOCK TABLES `activities` WRITE;
/*!40000 ALTER TABLE `activities` DISABLE KEYS */;
INSERT INTO `activities` VALUES (6,'Adolescents(Lycée)','Mercredi',NULL,'18h15 - 19h45','541315503c633cfb24438ca9b9c0b9bb.jpeg', 1, NULL, NULL),
(8,'Adultes','Mercredi',NULL,'20h00 - 22h00','26c1c005fce38c1623624ed6131203b0.png', 1, NULL, NULL),
(9,'Enfants(Primaire)','Lundi',NULL,'17h-18h','a10a7ff986d955e3a2634ae8bbd47ce3.jpeg', 1, NULL, NULL),
(10,'Enfants(Collèges)','Mercredi',NULL,'17h - 18h','4dd6720ffd4b2d1e0d513d5bc73fe15c.jpeg', 1, NULL, NULL);
/*!40000 ALTER TABLE `activities` ENABLE KEYS */;
UNLOCK TABLES;

--
-- Table structure for table `articles`
--

DROP TABLE IF EXISTS `articles`;
/*!40101 SET @saved_cs_client     = @@character_set_client */;
 SET character_set_client = utf8mb4 ;
CREATE TABLE `articles` (
  `id` int(11) NOT NULL AUTO_INCREMENT,
  `author_id` int(11) NOT NULL,
  `category_id` int(11) NOT NULL,
  `title` varchar(255) COLLATE utf8mb4_unicode_ci NOT NULL,
  `content` longtext COLLATE utf8mb4_unicode_ci NOT NULL,
  `date_creation` datetime DEFAULT NULL,
  `medias` longtext COLLATE utf8mb4_unicode_ci,
  `press` varchar(255) COLLATE utf8mb4_unicode_ci DEFAULT NULL,
  `sub_title` longtext COLLATE utf8mb4_unicode_ci NOT NULL,
  PRIMARY KEY (`id`),
  KEY `IDX_BFDD3168F675F31B` (`author_id`),
  KEY `IDX_BFDD316812469DE2` (`category_id`),
  CONSTRAINT `FK_BFDD316812469DE2` FOREIGN KEY (`category_id`) REFERENCES `category_article` (`id`),
  CONSTRAINT `FK_BFDD3168F675F31B` FOREIGN KEY (`author_id`) REFERENCES `users` (`id`)
) ENGINE=InnoDB AUTO_INCREMENT=54 DEFAULT CHARSET=utf8mb4 COLLATE=utf8mb4_unicode_ci;
/*!40101 SET character_set_client = @saved_cs_client */;

--
-- Dumping data for table `articles`
--

LOCK TABLES `articles` WRITE;
/*!40000 ALTER TABLE `articles` DISABLE KEYS */;
INSERT INTO `articles` VALUES (2,115,2,'Sortie des élèves aux Célestins','Le 24 mars dernier nous avons emmener les ados assister à Georges Dandin dans le magnifique théâtre des Célestins.\r\nLa soirée à d\'abord commencé par un repas au resto/cafet du théâtre \"l\'Etourdi\" puis nous nous sommes dirigés vers nos places respectives dans cette salle magnifique des Célestins. Un théâtre à l\'ancienne comme on en fait plus, avec 3 balcons, des lustres magnifiques, le plafond entièrement peint par divers artistes, des moulures splendides, c\'est un décor à vous couper le souffle.',NULL,'9c349c94e50be92328bfd1878fb18b10.png','Provident et esse eligendi molestias fuga tenetur inventore. Error pariatur suscipit est et eaque at iste.','Les ados ont pu assister à une pièce de Molière dans le plus beau théâtre de Lyon'),(3,115,3,'Hôtes Tensions de Franck Didier.','Venez nombreux au nouveau spectacle de la troupe de Ternay \r\nqui aura lieu au foyer rural de Ternay, les :\r\nJeudi 15 mars à 20h30\r\nVendredi 16 mars à 20h30\r\nSamedi 17 mars à 20h30\r\nDimanche 18 mars à 16h00',NULL,'9fdfd3c79ed6593a767c05fb4da8a52e.pdf','Mollitia vero modi dolores veritatis ipsa. Alias necessitatibus voluptate ab vitae debitis et.','Troupe de Ternay'),(5,115,2,'Me.','Autem omnis ipsa amet provident. Sit earum est hic possimus et eum tempora. Deserunt rerum atque maxime aperiam qui.',NULL,'https://lorempixel.com/https://placehold.it/350x1350/480/?61550','Culpa ut quisquam consequuntur voluptas voluptatem voluptatem excepturi. Quo a et quod. Aut reiciendis nisi dolorem quia minima illum non.','Consequuntur totam dolores in iste quo omnis. Repudiandae maiores soluta odit qui eum dicta aut est.'),(6,115,2,'Me.','Repudiandae qui laborum id sunt aut. Quos doloremque deserunt incidunt incidunt dolore. Molestiae dolore ipsam commodi nihil unde.',NULL,'https://lorempixel.com/https://placehold.it/350x1350/480/?28529','Doloremque at sunt corporis est reiciendis. Ex quis cum modi ea.','Voluptatum id nihil vel ratione. Amet soluta odit recusandae.'),(7,115,2,'Pr.','Ea voluptatem recusandae voluptatem facilis nisi itaque et. Perferendis nihil illum ullam praesentium voluptas tempore. Reiciendis consectetur similique ut numquam. Magnam officiis est excepturi et nesciunt.',NULL,'https://lorempixel.com/https://placehold.it/350x1350/480/?27364','Maxime consequatur excepturi aut assumenda laboriosam quas et. Rerum corrupti asperiores amet cumque. Dolore atque sunt nulla quia quos perspiciatis et.','At quibusdam harum sit sint molestias. Ratione omnis asperiores in aut beatae aut voluptas. Deserunt sunt facere impedit sed nesciunt totam odit.'),(8,115,2,'Mlle','Debitis eveniet minima et voluptas harum. Deleniti neque commodi aut est et. Possimus delectus dolores recusandae ea dolores quas et hic.',NULL,'https://lorempixel.com/https://placehold.it/350x1350/480/?42120','Ratione aliquid nobis qui earum vel eos. Corporis dolorum et culpa tempore autem eligendi dignissimos.','Numquam est temporibus eum voluptatem rerum et. Et iste aut consequatur. Voluptas officia rerum velit ea sunt veniam nobis. Id autem quas voluptatem.'),(9,115,2,'Dr.','Non omnis aut laboriosam quia perspiciatis accusamus harum. Placeat mollitia eligendi tempore enim. Dignissimos corrupti est sit sed id ipsum possimus.',NULL,'https://lorempixel.com/https://placehold.it/350x1350/480/?20508','Excepturi dolor qui cumque totam blanditiis voluptas occaecati ut. Dolores maxime provident autem voluptatem alias. Et est consequatur illum necessitatibus distinctio autem.','Et incidunt pariatur beatae cum sunt nisi dignissimos excepturi. Sint alias quis dolor magni.'),(10,115,2,'Mlle','Earum aliquid vitae tempora sint deserunt recusandae ullam ullam. Non sit deleniti ad. Esse in labore laudantium itaque iste aut. Nemo est porro ipsa. Quaerat modi occaecati vel qui et voluptate et.',NULL,'https://lorempixel.com/https://placehold.it/350x1350/480/?68873','Qui non eligendi nam qui et. Veritatis exercitationem necessitatibus sit nemo excepturi. Cumque qui aliquid ullam ad. Aut laboriosam amet maxime voluptatem quas.','Dolores soluta ipsa qui et. Soluta dolorum vero doloribus veniam soluta iste. Animi reprehenderit animi qui aliquid.'),(11,115,2,'Mme.','Quis et accusantium sequi et quam facere. Sit autem dolorem quo ducimus reiciendis pariatur natus suscipit.',NULL,'https://lorempixel.com/https://placehold.it/350x1350/480/?53442','Corrupti nostrum deserunt voluptate debitis vel. Consequatur quia autem accusamus aut saepe dolorem. Non quis ex quisquam tempora ipsa iure dolorem. Est esse aut non delectus ea consequatur.','Rerum aut molestiae dolorum non. Dolorum in sint molestias. Non impedit mollitia neque in.'),(12,115,2,'Dr.','Molestias nemo explicabo doloribus magni explicabo soluta nisi laborum. Quis eius sed sed cumque. Totam voluptas cupiditate doloribus pariatur sit voluptatem aut. Laboriosam cupiditate nobis perferendis non enim sunt enim.',NULL,'https://lorempixel.com/https://placehold.it/350x1350/480/?56586','Deserunt totam consequatur voluptatibus ipsa eveniet quibusdam possimus. Dolore numquam quas at ratione et provident. Id optio est est aut. Deleniti laudantium enim sit mollitia sed.','Eveniet molestiae esse eveniet dolor et assumenda. Fugit ut autem soluta. Rem provident et impedit consectetur. Voluptas quas asperiores non quasi.'),(13,115,2,'Me.','Iste maiores aut ut autem est non deserunt temporibus. At doloremque corporis sapiente totam occaecati ut illo. Provident autem quibusdam et enim rerum.',NULL,'https://lorempixel.com/https://placehold.it/350x1350/480/?17493','Architecto qui enim dolor est. Dignissimos nobis modi quia architecto autem aut ea. Culpa excepturi et est nesciunt et perferendis quisquam. Iste ut nisi eveniet ut ut minima tempore quasi.','Id alias qui ut tempore minima dolor itaque. Natus ea qui rerum. Optio ut mollitia et officiis quaerat molestiae aliquid.'),(14,115,2,'Pr.','Necessitatibus ad voluptatem mollitia voluptatem odio voluptas id molestiae. Fugit tempora culpa aperiam qui porro officia. Est sint et enim. Dolorem dolor unde nam quae.',NULL,'https://lorempixel.com/https://placehold.it/350x1350/480/?11015','Autem est nesciunt molestiae debitis tempore occaecati id. Exercitationem ab accusantium asperiores in.','Praesentium tempora vero eum. Totam adipisci sunt eum velit molestiae quibusdam tenetur. Maiores eaque et et facilis.'),(15,115,2,'Pr.','Soluta consequatur ipsam error necessitatibus. Nihil sed voluptatibus et modi quis. Ut sunt sunt et.',NULL,'https://lorempixel.com/https://placehold.it/350x1350/480/?70798','Harum quia aliquid et corrupti corrupti molestiae. Praesentium nobis et odit vel aut recusandae. Aliquid voluptatem molestiae odio aut. Nemo sunt nostrum voluptatibus officia aut.','Assumenda id repudiandae voluptatem cum cumque. Distinctio a voluptates ducimus nam. Reiciendis voluptates quos provident. Commodi sunt est eos.'),(16,115,2,'Me.','Sit fuga sit dolorum adipisci. Est sunt est praesentium perspiciatis aperiam ducimus a voluptatem. Fugit ut ab nesciunt maxime voluptas laborum. Laudantium perspiciatis fugiat quam ab.',NULL,'https://lorempixel.com/https://placehold.it/350x1350/480/?76699','Et sed dolorem aperiam sit. Dicta ut vel nemo. Ipsam at asperiores expedita dignissimos.','Doloribus id veritatis et molestiae aut. Pariatur similique in eum et non distinctio. Enim consequatur eum laboriosam labore cupiditate ut culpa.'),(17,115,2,'Me.','Odio quas qui deserunt. Iusto minima quis aut id ducimus autem. Illo unde amet maxime molestiae.',NULL,'https://lorempixel.com/https://placehold.it/350x1350/480/?47494','Recusandae deleniti quaerat dicta. Reiciendis sit possimus consequuntur sint nihil ipsa voluptates. Voluptate ut qui vel praesentium dolorem commodi.','Architecto aut aspernatur aut velit ut. Sit voluptatem ipsam ea dicta.'),(18,115,2,'Dr.','Molestias dolorem vero aliquam quidem quis impedit. Laborum minus consequatur qui rerum quia occaecati quidem. Et est cum consequatur adipisci quia.',NULL,'https://lorempixel.com/https://placehold.it/350x1350/480/?68770','Nihil aut natus velit dolor atque maiores. Unde ea qui asperiores necessitatibus officia nihil sapiente. Modi quod non quis doloribus sed nostrum ut.','Dolorem voluptatem dolore sequi sapiente. Mollitia qui tempore voluptatum laudantium dolorem ea. Eligendi quo voluptas est.'),(19,115,2,'Me.','Dolorum sapiente vel est recusandae quo sed sequi. Autem odit eos adipisci quo fuga non. Aut sunt ducimus tempora saepe earum perferendis non. Totam quis hic saepe quia quisquam.',NULL,'https://lorempixel.com/https://placehold.it/350x1350/480/?72146','Reprehenderit labore dolorum iste voluptatem qui. Sint corrupti incidunt tempora. Voluptas iste ratione corporis ratione.','Sit libero atque nobis inventore quia. Cupiditate dolorum expedita laborum modi ea quaerat. Quo officia amet dolorem asperiores natus non.'),(20,115,2,'M.','Saepe sed impedit dicta iusto cupiditate perferendis. Magni voluptatem quis dolore nobis in ea quo eos. Dolore consectetur voluptatum laboriosam ut ut. Debitis vel est asperiores nostrum et laboriosam non.',NULL,'https://lorempixel.com/https://placehold.it/350x1350/480/?71896','Quis odio asperiores inventore et ratione non nobis. Sapiente quo nisi velit aut. Est enim dignissimos possimus saepe molestiae voluptas. Est repellat dicta consequuntur itaque. A quasi quo officia.','Aliquam quia accusantium nemo ratione ex repellat. Non sunt itaque tenetur natus quia perspiciatis est. Omnis fugit alias ut voluptatem.'),(21,115,2,'Mme.','Sed minus aut vel nobis doloribus aliquid aliquid illum. Ut quo dolore a minus ad fugit. Commodi molestias occaecati quasi dolorem assumenda voluptatibus.',NULL,'https://lorempixel.com/https://placehold.it/350x1350/480/?21396','Et provident illo expedita nam qui. Non rerum tenetur aut dolores neque accusantium. Eius assumenda temporibus veritatis facere quos ea.','Sit necessitatibus adipisci autem et. Placeat tempora natus cum. Ipsa repudiandae velit eos aliquam.'),(22,115,2,'Mme.','Repellendus soluta sunt eos vitae ut molestiae est laborum. Ut consequatur omnis voluptas accusamus. Sit quod sapiente necessitatibus deserunt fugiat quod ut.',NULL,'https://lorempixel.com/https://placehold.it/350x1350/480/?52829','Rem eligendi et maiores voluptatum sit quia voluptatum rem. Et autem dignissimos id hic ratione et beatae atque. Fugit blanditiis facere quis fugit quis.','Saepe consequatur et aperiam qui. Necessitatibus amet maiores atque exercitationem laboriosam nihil sit.'),(23,115,2,'Me.','Et aliquid autem dolor voluptas minus. Ipsum animi debitis dolore aspernatur nesciunt soluta perspiciatis. Dignissimos voluptatibus esse consequatur. Dolorem non cum fugit reprehenderit nam et.',NULL,'https://lorempixel.com/https://placehold.it/350x1350/480/?77629','Et nulla totam autem ipsum fuga non. Totam aut qui veniam necessitatibus. Illum rerum asperiores error omnis pariatur ea tempora. Quaerat maxime velit numquam sint tempore dolorem sit molestiae.','Expedita cumque fugiat dicta dolorem nihil dicta sunt. Non blanditiis numquam eos est dolor. Harum sunt mollitia impedit deserunt suscipit ut a.'),(24,115,2,'Mme.','Eum non et aut et distinctio excepturi sed. Ad excepturi itaque delectus vero quidem. Qui possimus esse in.',NULL,'https://lorempixel.com/https://placehold.it/350x1350/480/?23434','Quas et nisi commodi error. Veritatis repudiandae magni et aut est cupiditate ut dolor. Sunt id consequuntur magnam eos unde.','Illo voluptatem ipsam minus voluptates atque hic. Odit impedit dolores repudiandae assumenda. Eligendi impedit aliquid quidem eius optio saepe.'),(25,115,2,'Me.','Quod minus illum et debitis voluptas accusantium. Odit fugiat officia praesentium sunt fugiat exercitationem laboriosam non. Et quisquam voluptas consequuntur eius.',NULL,'https://lorempixel.com/https://placehold.it/350x1350/480/?98472','Vel atque ea sequi illum soluta. Omnis non ea rem officiis corrupti aut. Quod eos optio sit ipsum est.','Sunt saepe sit tempore voluptas ipsum tempora. Dolorem ipsum pariatur voluptate alias ipsa sint reiciendis. Aut voluptatem et est est.'),(26,115,2,'Pr.','Praesentium veritatis omnis numquam vitae est omnis. Illum eos dolorem soluta ab et labore. Soluta voluptas quia voluptatem.',NULL,'https://lorempixel.com/https://placehold.it/350x1350/480/?13104','Et deleniti sequi beatae. Consectetur quas voluptatem error adipisci eum. Doloribus eveniet ex qui vitae consequatur quo dolorem.','Natus ipsa est enim nostrum est et harum modi. Laborum suscipit vel aliquid expedita. Aperiam sed voluptas expedita velit aut et voluptates.'),(27,115,2,'Pr.','Placeat nostrum ea voluptatem iusto. Perspiciatis porro illo tempore. Tempore sint voluptatibus nihil officia magni qui.',NULL,'https://lorempixel.com/https://placehold.it/350x1350/480/?49140','Omnis voluptatum doloribus dolorem animi sed. Molestias accusantium culpa est et nihil. Similique voluptates quaerat molestiae expedita est dolores cumque excepturi.','Nesciunt sequi numquam consequatur dolor. Nisi quae rerum amet. Harum delectus et velit quos qui.'),(28,115,2,'Mme.','Quas incidunt placeat fugit. Dolor quo aliquam sint velit ut consequatur nihil.',NULL,'https://lorempixel.com/https://placehold.it/350x1350/480/?48207','Deserunt quod tempora praesentium sequi. Nobis laudantium error est et omnis aut molestiae. Consequatur aut quis voluptatum quam eaque omnis.','Et repudiandae et quasi voluptatem quas ut. Voluptatem corrupti doloribus enim quasi.'),(29,115,2,'Pr.','Repellendus explicabo eaque beatae temporibus. Consectetur sint et voluptate placeat. Qui sint voluptatem nihil blanditiis earum numquam eos alias.',NULL,'https://lorempixel.com/https://placehold.it/350x1350/480/?46403','Voluptate delectus voluptas sed doloremque dignissimos veritatis qui. Laudantium aut expedita iste officiis ex facere. Magnam veritatis doloribus facilis omnis. Dolor neque et non fugiat enim ut.','Deleniti optio aliquid et omnis. Officiis inventore praesentium placeat praesentium. Iusto nesciunt recusandae aperiam aut et culpa optio.'),(30,115,2,'Dr.','Libero voluptatem accusamus distinctio sed eaque. Facilis tempora quia eos vitae aliquam. Deserunt dolorum nostrum sed optio odit perspiciatis eum. Omnis eius nesciunt consequatur possimus.',NULL,'https://lorempixel.com/https://placehold.it/350x1350/480/?71520','Aut et ut rerum vero aliquid aliquid. Delectus sint qui soluta omnis. Suscipit laudantium assumenda et non ea enim. Quae quo et unde illo sed asperiores.','Voluptatem voluptas velit et facilis. Tempore consequatur consectetur omnis nam. Possimus in ipsa non nesciunt. Expedita et velit aut aliquam eaque.'),(31,115,2,'Dr.','Mollitia est quia qui at quis pariatur sed voluptatem. Quas cumque voluptates facere aliquam suscipit. Dolor quia corrupti nesciunt similique pariatur nam est. Est nemo nemo error magni.',NULL,'https://lorempixel.com/https://placehold.it/350x1350/480/?57240','Ullam maxime repudiandae doloremque. Eos voluptatem corporis voluptatem est. Et quos libero doloremque nostrum.','Ea odio inventore aut et. Omnis nesciunt et fuga aliquid assumenda dignissimos. Odit officia illo ipsa vitae explicabo dicta.'),(32,115,2,'Mme.','Voluptatem sint repellendus accusamus et sunt. Facere repellendus animi et totam quo qui voluptatem. Iste quos earum voluptatem vitae doloribus praesentium aspernatur.',NULL,'https://lorempixel.com/https://placehold.it/350x1350/480/?98500','Sunt veritatis quis voluptates et. Est voluptatem est nostrum est. Nisi assumenda voluptas aliquam pariatur aut accusantium iste recusandae. Tenetur eum maiores rerum.','Quasi nostrum ex eveniet ea illo voluptas. Temporibus a culpa non.'),(33,115,2,'Dr.','Velit veritatis reiciendis deleniti. Eos culpa optio dolores blanditiis laboriosam ipsam. Quidem eius ut dignissimos iusto omnis facilis. Vero et magni saepe ipsam quia adipisci. Incidunt quia at et odio laudantium sint asperiores.',NULL,'https://lorempixel.com/https://placehold.it/350x1350/480/?91259','Et sit rem soluta aut iusto saepe amet. Quaerat harum omnis eligendi qui rem minima et. Provident quia vel placeat voluptatum sit omnis voluptatem et.','Repellat facilis ullam eum saepe nesciunt. Non ex eveniet est nemo.'),(34,115,2,'Me.','Vel voluptas nostrum ut voluptatibus sit dolorum. Inventore id ipsum cumque dolor. Ad aut et debitis sint.',NULL,'https://lorempixel.com/https://placehold.it/350x1350/480/?18629','Consequatur soluta quia minima. Optio at natus sequi dolor doloremque. Non consequatur quia dolore recusandae corporis sit nemo. Quis magni laborum maiores.','Asperiores sed libero dolores at officiis. Exercitationem vitae pariatur ut adipisci. Voluptates voluptate aut neque minima itaque ut eaque.'),(35,115,2,'Dr.','Incidunt a ratione vel consectetur ea. Nostrum fugit autem fugit ut ut. Aut ex aut sunt adipisci porro ut qui est.',NULL,'https://lorempixel.com/https://placehold.it/350x1350/480/?65746','Animi quae quis optio soluta ut saepe totam. Enim dolore laborum impedit illo unde voluptas. Iste aut est nihil deserunt.','Repellat quia et sed corrupti autem aut. Labore nisi voluptatem id.'),(36,115,2,'Pr.','Asperiores molestiae quo qui itaque excepturi. Omnis aspernatur nisi sit quo. Ab sint corporis assumenda est dolor nisi laboriosam.',NULL,'https://lorempixel.com/https://placehold.it/350x1350/480/?88094','Delectus vitae deserunt voluptatem necessitatibus. Expedita est corrupti doloremque deserunt id et. Voluptas molestiae explicabo in fuga voluptatum.','Omnis ipsa saepe aut. In cumque enim qui accusantium cumque.'),(37,115,2,'Dr.','Commodi maiores cupiditate sapiente distinctio. Distinctio est voluptates non amet. Non porro sed numquam ut ut.',NULL,'https://lorempixel.com/https://placehold.it/350x1350/480/?54098','Cupiditate quaerat minus laudantium. Quidem eius sint nostrum rerum dignissimos quaerat. Repellat non tenetur iure perferendis officiis vero pariatur incidunt.','Ut eum autem ducimus error id. Magnam velit ea molestiae quo. Dignissimos distinctio necessitatibus tenetur sit aperiam.'),(38,115,2,'M.','Ea est doloribus ea tempore quis culpa quia. Ut qui maiores natus molestias suscipit explicabo quod. Odit rerum ad iusto temporibus et quam. Voluptas asperiores temporibus ut rerum sint illo et doloremque.',NULL,'https://lorempixel.com/https://placehold.it/350x1350/480/?41792','Esse voluptatum consequatur tenetur. Odit enim repellendus repellendus hic tempore minima. Aut id sit cupiditate.','Vel quia sapiente nisi eum nisi impedit exercitationem. In enim impedit voluptas autem aperiam ut rerum qui. Unde dolor quidem earum natus.'),(39,115,2,'Mme.','Aliquam ut voluptatem amet ratione voluptatem. Pariatur adipisci pariatur laboriosam corporis id est. Repellat tempore est veniam voluptas omnis totam quo. Dicta impedit officiis fuga voluptatum doloremque ex.',NULL,'https://lorempixel.com/https://placehold.it/350x1350/480/?91505','Eum quaerat et quidem saepe molestiae molestias. Voluptatem iste molestiae sit ea quia voluptatem dolorem. Occaecati qui et deleniti officia nesciunt sed. Provident est animi incidunt quam.','Sequi rem asperiores cumque dolores modi. Officiis blanditiis ducimus quos eum. Fuga vero ex non reiciendis quo dolor quam.'),(40,115,2,'Pr.','Ea illo beatae cupiditate aut. Velit aut tenetur aliquid accusantium. Eveniet consequatur et et et incidunt.',NULL,'https://lorempixel.com/https://placehold.it/350x1350/480/?64293','Unde cum alias ab. Beatae possimus atque minus quo porro. Id vel aut illo qui perspiciatis voluptatem minima. Animi nemo ipsam quo quo ut unde.','Atque et fugit praesentium voluptatibus. Minima ad sunt eos ut eum ad velit. Ad perferendis ipsa quasi et at error.'),(41,115,2,'Me.','Veniam voluptatibus enim ducimus officia. Rem et voluptatum corporis dolorem et soluta voluptate sint. Laboriosam dolorem facilis doloremque cum vel consequatur sed. Provident qui rerum ipsam sit distinctio.',NULL,'https://lorempixel.com/https://placehold.it/350x1350/480/?59940','Nemo placeat assumenda aut sed. Delectus dolor qui modi voluptates id voluptatem quam. Eos id rerum est deserunt quibusdam rerum. Necessitatibus eum accusantium quo aut assumenda molestiae eius.','Beatae doloremque iusto at neque. Ut qui aut occaecati nesciunt ut dignissimos at. Ut ea officia sed id voluptatem autem.'),(42,115,2,'Dr.','Ut non itaque quos dolor qui facere deserunt. Ut sed nihil quae et dignissimos recusandae sunt. Totam aperiam omnis voluptatem sed omnis reprehenderit ea a. Laboriosam aut et assumenda. Ipsam similique consequuntur non voluptatem.',NULL,'https://lorempixel.com/https://placehold.it/350x1350/480/?28247','Aut vel repudiandae ullam cupiditate dolorum et unde. Eius labore fugiat officiis minima aut est. Sed qui dolor quis.','Pariatur cupiditate nostrum neque qui. Sunt cum tempore culpa ad explicabo alias tenetur.'),(43,115,2,'Mme.','Ut velit nihil reiciendis exercitationem veniam dignissimos magnam. Vel sed sit et quam. Voluptas quisquam velit veritatis facere non. Voluptas recusandae nemo repudiandae.',NULL,'https://lorempixel.com/https://placehold.it/350x1350/480/?79790','Sed et eaque enim aut iure at. Est aut aut fugiat nisi. Sit perferendis modi voluptas ut quas. Molestiae ea voluptatum iste voluptatem debitis aspernatur ullam maiores.','Eius perspiciatis rem non sit. Veniam tempora necessitatibus ea quia. Facilis ut quia sed voluptatem eaque ipsum.'),(44,115,2,'Dr.','Non dicta ipsa sapiente aliquid sequi fuga. Eius corrupti sed suscipit aut et. Ex asperiores illum culpa illum voluptatem exercitationem soluta.',NULL,'https://lorempixel.com/https://placehold.it/350x1350/480/?49893','In nobis asperiores ducimus eaque voluptatem autem quis. Placeat quo ut eius sint praesentium. Tenetur eligendi magni et assumenda quas et repudiandae.','Fuga architecto impedit vero molestiae sit. Natus nobis dolores molestias accusantium. Dolor modi eligendi qui iure fugit.'),(45,115,2,'Mme.','Qui labore eaque deleniti soluta quo. Non dignissimos rerum in est ullam blanditiis.',NULL,'https://lorempixel.com/https://placehold.it/350x1350/480/?89351','Dolores assumenda fugiat quo maiores aperiam. Quos a minima sint voluptatem nobis ad et perferendis. Vero nostrum sit hic minima odio aut. Atque omnis omnis doloribus rerum.','Sapiente optio ipsa rerum id. Illo non molestiae rerum veniam. Autem excepturi voluptas ut accusantium.'),(46,115,2,'Pr.','At et ut harum. Ut quos omnis architecto. Quis dolore dolores expedita sed facilis voluptas. Non impedit odit saepe sed porro occaecati.',NULL,'https://lorempixel.com/https://placehold.it/350x1350/480/?89665','Maxime sunt perspiciatis voluptatem non et voluptatem. Cum et aperiam eum in nesciunt. Amet id suscipit nam tempora nam blanditiis.','Ad cupiditate culpa facere ipsam nemo laudantium qui. Et enim ea alias a animi.'),(47,115,2,'Mme.','Vitae minus optio magni quod temporibus. Iure qui excepturi magnam ut. Inventore inventore iusto consequatur commodi.',NULL,'https://lorempixel.com/https://placehold.it/350x1350/480/?20279','Dolorem quae reiciendis sequi qui. Commodi provident voluptatem dolorum.','Impedit velit ut cupiditate doloribus rerum cumque occaecati. Et est sit magnam velit. Consectetur quia optio eos.'),(48,115,2,'Me.','Maiores nesciunt molestiae assumenda maxime sed dolores minus. Voluptatum optio porro modi deserunt incidunt corrupti beatae. Sint voluptatem ipsum occaecati vel ut rerum quas deserunt.',NULL,'https://lorempixel.com/https://placehold.it/350x1350/480/?34851','Maxime unde vero repellendus omnis incidunt quaerat quasi. Quibusdam libero sapiente et sed. Quia totam voluptatem occaecati dolores.','Eos et possimus tempore error. Vero et aut accusamus numquam. Aliquam ex ut commodi.'),(49,115,2,'Dr.','Alias facilis ut recusandae iure. Ipsam facere non molestias unde amet consequatur sed. Tempore et quae ut tempora. Nihil voluptatem porro ab et consequatur animi.',NULL,'https://lorempixel.com/https://placehold.it/350x1350/480/?16412','Nulla dicta eum odio est omnis. Labore impedit rerum omnis est ut cupiditate sapiente. Pariatur non distinctio nostrum dolore culpa voluptatem doloribus eos. Beatae minima odio et quia.','Beatae natus laudantium eos eum qui et perferendis rem. Est culpa totam eligendi.'),(50,115,2,'Pr.','Architecto et enim voluptatibus. Ad nisi doloribus animi reprehenderit minus quae. Aut aut aut occaecati laborum.',NULL,'https://lorempixel.com/https://placehold.it/350x1350/480/?43970','Voluptatibus animi quasi commodi reprehenderit est rerum. Id et aut doloribus sit incidunt et est. Repudiandae nisi nisi enim natus rerum aliquam. Autem eius fugiat impedit atque.','Non fugiat quia quas quisquam. Natus necessitatibus voluptates itaque ut sint. Quia neque fugit ea officiis.'),(51,115,2,'Pr.','Atque et dolorem quidem. Eius iste qui non impedit. Ut est ab quia dolores dignissimos. Sed provident error laudantium atque.',NULL,'https://lorempixel.com/https://placehold.it/350x1350/480/?75913','Aut iure dolor quos et. Eos sit qui sit unde aspernatur nihil perferendis. Dolore libero debitis omnis quibusdam sunt aut iste. Nesciunt totam doloribus illum odio tenetur fugit quos.','Sint eveniet illum reiciendis eos non ipsum. Veniam quis voluptatem laudantium quibusdam sint. Culpa atque voluptates praesentium at vero cumque.'),(52,16,2,'\'\"rt\"\'rt','f\"rf\"rf','2018-12-18 16:00:21','3a01bfddfa0cc1d700b17145742717fd.jpeg','rg\'rferf','rtfr\''),(53,43,2,'§(jyhy§','(t(ty(§ty(t\'(t\'(t(g(tyh\'§y','2018-12-26 15:18:45','b8261ea0af4cba5a84deb91fa7b7ddde.jpeg','§(t(§ty(§t(§','tg(\"g\"(§g(t(t(');
/*!40000 ALTER TABLE `articles` ENABLE KEYS */;
UNLOCK TABLES;

--
-- Table structure for table `category_article`
--

DROP TABLE IF EXISTS `category_article`;
/*!40101 SET @saved_cs_client     = @@character_set_client */;
 SET character_set_client = utf8mb4 ;
CREATE TABLE `category_article` (
  `id` int(11) NOT NULL AUTO_INCREMENT,
  `name` varchar(255) COLLATE utf8mb4_unicode_ci NOT NULL,
  PRIMARY KEY (`id`)
) ENGINE=InnoDB AUTO_INCREMENT=6 DEFAULT CHARSET=utf8mb4 COLLATE=utf8mb4_unicode_ci;
/*!40101 SET character_set_client = @saved_cs_client */;

--
-- Dumping data for table `category_article`
--

LOCK TABLES `category_article` WRITE;
/*!40000 ALTER TABLE `category_article` DISABLE KEYS */;
INSERT INTO `category_article` VALUES (2,'Actualités de Chapo-Clac'),(3,'Actualités de nos amis');
/*!40000 ALTER TABLE `category_article` ENABLE KEYS */;
UNLOCK TABLES;

--
-- Table structure for table `category_gallery`
--

DROP TABLE IF EXISTS `category_gallery`;
/*!40101 SET @saved_cs_client     = @@character_set_client */;
 SET character_set_client = utf8mb4 ;
CREATE TABLE `category_gallery` (
  `id` int(11) NOT NULL AUTO_INCREMENT,
  `name` varchar(255) COLLATE utf8mb4_unicode_ci NOT NULL,
  PRIMARY KEY (`id`)
) ENGINE=InnoDB DEFAULT CHARSET=utf8mb4 COLLATE=utf8mb4_unicode_ci;
/*!40101 SET character_set_client = @saved_cs_client */;

--
-- Dumping data for table `category_gallery`
--

LOCK TABLES `category_gallery` WRITE;
/*!40000 ALTER TABLE `category_gallery` DISABLE KEYS */;
/*!40000 ALTER TABLE `category_gallery` ENABLE KEYS */;
UNLOCK TABLES;

--
-- Table structure for table `comments`
--

DROP TABLE IF EXISTS `comments`;
/*!40101 SET @saved_cs_client     = @@character_set_client */;
 SET character_set_client = utf8mb4 ;
CREATE TABLE `comments` (
  `id` int(11) NOT NULL AUTO_INCREMENT,
  `author_id` int(11) NOT NULL,
  `articles_id` int(11) DEFAULT NULL,
  `content` longtext COLLATE utf8mb4_unicode_ci NOT NULL,
  `date` datetime NOT NULL,
  PRIMARY KEY (`id`),
  KEY `IDX_5F9E962AF675F31B` (`author_id`),
  KEY `IDX_5F9E962A1EBAF6CC` (`articles_id`),
  CONSTRAINT `FK_5F9E962A1EBAF6CC` FOREIGN KEY (`articles_id`) REFERENCES `articles` (`id`),
  CONSTRAINT `FK_5F9E962AF675F31B` FOREIGN KEY (`author_id`) REFERENCES `users` (`id`)
) ENGINE=InnoDB DEFAULT CHARSET=utf8mb4 COLLATE=utf8mb4_unicode_ci;
/*!40101 SET character_set_client = @saved_cs_client */;

--
-- Dumping data for table `comments`
--

LOCK TABLES `comments` WRITE;
/*!40000 ALTER TABLE `comments` DISABLE KEYS */;
/*!40000 ALTER TABLE `comments` ENABLE KEYS */;
UNLOCK TABLES;

--
-- Table structure for table `gallery`
--

DROP TABLE IF EXISTS `gallery`;
/*!40101 SET @saved_cs_client     = @@character_set_client */;
 SET character_set_client = utf8mb4 ;
CREATE TABLE `gallery` (
  `id` int(11) NOT NULL AUTO_INCREMENT,
  `spectacle_id` int(11) NOT NULL,
  `picture` varchar(255) COLLATE utf8mb4_unicode_ci NOT NULL,
  PRIMARY KEY (`id`),
  KEY `IDX_472B783AC682915D` (`spectacle_id`),
  CONSTRAINT `FK_472B783AC682915D` FOREIGN KEY (`spectacle_id`) REFERENCES `spectacles` (`id`)
) ENGINE=InnoDB AUTO_INCREMENT=37 DEFAULT CHARSET=utf8mb4 COLLATE=utf8mb4_unicode_ci;
/*!40101 SET character_set_client = @saved_cs_client */;

--
-- Dumping data for table `gallery`
--

LOCK TABLES `gallery` WRITE;
/*!40000 ALTER TABLE `gallery` DISABLE KEYS */;
INSERT INTO `gallery` VALUES (19,9,'9a4289084e7c2947087633ef8d55535a.pdf'),(20,8,'ad9354c5144731af9e2ab7bc4daaedb2.jpeg'),(21,8,'6ecd3bd2d34e037df7dab637991bb6a0.jpeg'),(22,8,'04b30c0a1d72428a59aede6e03e557ca.jpeg'),(23,8,'47c514b9fceb41ed09f281c5a57c9037.jpeg'),(24,8,'82d1076567b8825ffe369664e207f73b.jpeg'),(25,8,'c39607e85f9e14c3a76b3fe041e2e61e.jpeg'),(26,8,'23339418026c9c27fbf26b74382c9a96.jpeg'),(27,3,'dc4d2ca2007c4114d95900395ac9cbf1.jpeg'),(28,3,'31e18dfebf9a528a6636c8a7371ba673.jpeg'),(29,3,'3e7249f12154357d54ffcc7266fc2815.jpeg'),(30,3,'4a274aef6bf5a7fc9f96d9828a6790bf.jpeg'),(31,3,'7599b1832007342cb91794d418eecf8b.jpeg'),(32,3,'64e9e4b8a40eed29e74db808a4195640.jpeg'),(33,3,'45dadd2db8dafb14cf34a3d972254671.jpeg'),(34,3,'7f859b4c4629e8fa878b4b30b2302d22.jpeg'),(35,7,'8829c6dcdf91e0aebdde3df67d881e3c.jpeg'),(36,7,'53d5dbc5692dd2227a42610735541e1d.jpeg');
/*!40000 ALTER TABLE `gallery` ENABLE KEYS */;
UNLOCK TABLES;

--
-- Table structure for table `migration_versions`
--

DROP TABLE IF EXISTS `migration_versions`;
/*!40101 SET @saved_cs_client     = @@character_set_client */;
 SET character_set_client = utf8mb4 ;
CREATE TABLE `migration_versions` (
  `version` varchar(255) COLLATE utf8_unicode_ci NOT NULL,
  PRIMARY KEY (`version`)
) ENGINE=InnoDB DEFAULT CHARSET=utf8 COLLATE=utf8_unicode_ci;
/*!40101 SET character_set_client = @saved_cs_client */;

--
-- Dumping data for table `migration_versions`
--

LOCK TABLES `migration_versions` WRITE;
/*!40000 ALTER TABLE `migration_versions` DISABLE KEYS */;
INSERT INTO `migration_versions` VALUES ('20181212102508');
/*!40000 ALTER TABLE `migration_versions` ENABLE KEYS */;
UNLOCK TABLES;

--
-- Table structure for table `presentation`
--

DROP TABLE IF EXISTS `presentation`;
/*!40101 SET @saved_cs_client     = @@character_set_client */;
 SET character_set_client = utf8mb4 ;
CREATE TABLE `presentation` (
  `id` int(11) NOT NULL AUTO_INCREMENT,
  `title` varchar(255) COLLATE utf8mb4_unicode_ci NOT NULL,
  `content` longtext COLLATE utf8mb4_unicode_ci NOT NULL,
  PRIMARY KEY (`id`)
) ENGINE=InnoDB AUTO_INCREMENT=3 DEFAULT CHARSET=utf8mb4 COLLATE=utf8mb4_unicode_ci;
/*!40101 SET character_set_client = @saved_cs_client */;

--
-- Dumping data for table `presentation`
--

LOCK TABLES `presentation` WRITE;
/*!40000 ALTER TABLE `presentation` DISABLE KEYS */;
INSERT INTO `presentation` VALUES (1,'Qui sommes nous ?','L’association CHAPO-CLAC a été créée en 2005.\r\nElle organise des cours de théâtre dispensés par Joëlle, professeur et metteur en scène de la compagnie du Théâtre du Mordant.\r\nElle propose divers cours que vous trouverez plus bas.');
/*!40000 ALTER TABLE `presentation` ENABLE KEYS */;
UNLOCK TABLES;

--
-- Table structure for table `spectacles`
--

DROP TABLE IF EXISTS `spectacles`;
/*!40101 SET @saved_cs_client     = @@character_set_client */;
 SET character_set_client = utf8mb4 ;
CREATE TABLE `spectacles` (
  `id` int(11) NOT NULL AUTO_INCREMENT,
  `poster` varchar(255) COLLATE utf8mb4_unicode_ci NOT NULL,
  `title` varchar(255) COLLATE utf8mb4_unicode_ci NOT NULL,
  `resume` longtext COLLATE utf8mb4_unicode_ci NOT NULL,
  PRIMARY KEY (`id`)
) ENGINE=InnoDB AUTO_INCREMENT=10 DEFAULT CHARSET=utf8mb4 COLLATE=utf8mb4_unicode_ci;
/*!40101 SET character_set_client = @saved_cs_client */;

--
-- Dumping data for table `spectacles`
--

LOCK TABLES `spectacles` WRITE;
/*!40000 ALTER TABLE `spectacles` DISABLE KEYS */;
INSERT INTO `spectacles` VALUES (3,'3f9d922736e7fed66bd2befd03fb3bb8.jpeg','L\'art de la fugue','Cela fait plusieurs semaines qu’on est sans nouvelle de la locataire du premier étage quand le chat de Mme  Poulard disparaît à son tour.\r\n                                Il se passe de drôles de choses au 2 rue Jean-Sébastien Bach et le calme habituel du quartier va très vite se fissurer.\r\n                                Les personnages se croisent et se racontent, rebondissements et révélations se succèdent lors de cette journée pas comme les autres.'),(7,'6a065e64351629dcb60376ff608aa0c3.jpeg','Veillée funèbre','Cela fait plusieurs semaines qu’on est sans nouvelle de la locataire du premier étage quand le chat de Mme Poulard disparaît à son tour. Il se passe de drôles de choses au 2 rue Jean-Sébastien Bach et le calme habituel du quartier va très vite se fissurer. Les personnages se croisent et se racontent, rebondissements et révélations se succèdent lors de cette journée pas comme les autres.'),(8,'9c0b301e0d5ce88517222c74d7c710c1.jpeg','L\'orchestre','Cela fait plusieurs semaines qu’on est sans nouvelle de la locataire du premier étage quand le chat de Mme Poulard disparaît à son tour. Il se passe de drôles de choses au 2 rue Jean-Sébastien Bach et le calme habituel du quartier va très vite se fissurer. Les personnages se croisent et se racontent, rebondissements et révélations se succèdent lors de cette journée pas comme les autres.'),(9,'153d15a135f9c86fa7810a8abded2cdf.pdf','Des squelettes dans le placard','Ils pensaient partie en week-end Thalasso mais.......');
/*!40000 ALTER TABLE `spectacles` ENABLE KEYS */;
UNLOCK TABLES;

--
-- Table structure for table `spectacles_users`
--

DROP TABLE IF EXISTS `spectacles_users`;
/*!40101 SET @saved_cs_client     = @@character_set_client */;
 SET character_set_client = utf8mb4 ;
CREATE TABLE `spectacles_users` (
  `spectacles_id` int(11) NOT NULL,
  `users_id` int(11) NOT NULL,
  PRIMARY KEY (`spectacles_id`,`users_id`),
  KEY `IDX_FB6D73C9F26D12FD` (`spectacles_id`),
  KEY `IDX_FB6D73C967B3B43D` (`users_id`),
  CONSTRAINT `FK_FB6D73C967B3B43D` FOREIGN KEY (`users_id`) REFERENCES `users` (`id`) ON DELETE CASCADE,
  CONSTRAINT `FK_FB6D73C9F26D12FD` FOREIGN KEY (`spectacles_id`) REFERENCES `spectacles` (`id`) ON DELETE CASCADE
) ENGINE=InnoDB DEFAULT CHARSET=utf8mb4 COLLATE=utf8mb4_unicode_ci;
/*!40101 SET character_set_client = @saved_cs_client */;

--
-- Dumping data for table `spectacles_users`
--

LOCK TABLES `spectacles_users` WRITE;
/*!40000 ALTER TABLE `spectacles_users` DISABLE KEYS */;
INSERT INTO `spectacles_users` VALUES (3,25),(3,26),(3,27),(3,31),(3,32),(3,33),(3,34),(3,35),(3,36),(3,37),(3,38),(3,39),(3,40),(3,41),(3,42),(3,43),(7,27),(7,31),(7,36),(7,39),(7,44),(7,45),(7,46),(7,47),(7,48),(7,49),(7,50),(7,51),(8,25),(8,26),(8,27),(8,31),(9,26),(9,27),(9,39);
/*!40000 ALTER TABLE `spectacles_users` ENABLE KEYS */;
UNLOCK TABLES;

--
-- Table structure for table `users`
--

DROP TABLE IF EXISTS `users`;
/*!40101 SET @saved_cs_client     = @@character_set_client */;
 SET character_set_client = utf8mb4 ;
CREATE TABLE `users` (
  `id` int(11) NOT NULL AUTO_INCREMENT,
  `first_name` varchar(255) COLLATE utf8mb4_unicode_ci NOT NULL,
  `last_name` varchar(255) COLLATE utf8mb4_unicode_ci NOT NULL,
  `user_adress` longtext COLLATE utf8mb4_unicode_ci,
  `phone_house` VARCHAR(255) NOT NULL,
  `phone_mobil` VARCHAR(255) NOT NULL,
  `contributions` varchar(255) COLLATE utf8mb4_unicode_ci DEFAULT NULL,
  `newsletters` varchar(255) COLLATE utf8mb4_unicode_ci DEFAULT NULL,
  `create_date` date DEFAULT NULL,
  `birth_date` date DEFAULT NULL,
  `insurance` varchar(255) COLLATE utf8mb4_unicode_ci DEFAULT NULL,
  `num_insurance` varchar(255) COLLATE utf8mb4_unicode_ci DEFAULT NULL,
  `number_check` VARCHAR(255) DEFAULT NULL,
  `doctor_name` varchar(255) COLLATE utf8mb4_unicode_ci DEFAULT NULL,
  `doctor_phone` varchar(255) COLLATE utf8mb4_unicode_ci DEFAULT NULL,
  `doctor_adress` VARCHAR(255) DEFAULT NULL,
  `minor_phone` VARCHAR(255) DEFAULT NULL,
  `minor_class` varchar(255) COLLATE utf8mb4_unicode_ci DEFAULT NULL,
  `minor_name_responsable` varchar(255) COLLATE utf8mb4_unicode_ci DEFAULT NULL,
  `status` varchar(255) COLLATE utf8mb4_unicode_ci DEFAULT NULL,
  `picture` varchar(255) COLLATE utf8mb4_unicode_ci DEFAULT NULL,
  `email` varchar(255) COLLATE utf8mb4_unicode_ci NOT NULL,
  `roles` json NOT NULL,
  `password` varchar(255) COLLATE utf8mb4_unicode_ci NOT NULL,
  PRIMARY KEY (`id`),
  UNIQUE KEY `UNIQ_1483A5E9E7927C74` (`email`)
) ENGINE=InnoDB AUTO_INCREMENT=117 DEFAULT CHARSET=utf8mb4 COLLATE=utf8mb4_unicode_ci;
/*!40101 SET character_set_client = @saved_cs_client */;

--
-- Dumping data for table `users`
--

LOCK TABLES `users` WRITE;
/*!40000 ALTER TABLE `users` DISABLE KEYS */;
INSERT INTO `users` VALUES (16,'Pierre','Guichard','place Emmanuelle Fabre\n43893 Launayboeuf',7,33,'oui','oui',NULL,'2004-01-16','Ut maiores eveniet aliquam rerum.','01 56 47 40 28',33,'Émile','0640986812',8,33,'Deleniti soluta eligendi asperiores architecto debitis ut.','Valentine Maillet-Coulon','[\"ROLE_USER\"]','https://lorempixel.com/http://http://cdn.osxdaily.com/wp-content/uploads/2014/07/users-and-groups-icon-mac.png/480/?44147','david.rousset@hernandez.com','[\"ROLE_ADMIN\"]','dLK7I}05#uRU;h{~&}B7'),(17,'Dominique','Ledoux','boulevard Théodore Peltier\n00705 Delattredan',4,33,'oui','oui',NULL,'2016-02-29','Sint commodi sapiente autem quia.','08 95 77 65 19',33,'Thibaut','07 66 90 74 39',50,33,'Reprehenderit rem suscipit earum dolores blanditiis.','Jacques Gauthier-Pons','[\"ROLE_USER\"]','https://lorempixel.com/http://http://cdn.osxdaily.com/wp-content/uploads/2014/07/users-and-groups-icon-mac.png/480/?52449','xbodin@girard.org','[\"ROLE_ADMIN\"]','9}T$LH\\&^~L}Jm'),(18,'Bernadette','Levy','6, chemin Éric Lenoir\n04 320 Gallet',33,33,'oui','oui',NULL,'2008-08-08','Iure sint est odio aut id.','0218857716',33,'Colette','01 26 83 93 57',66,33,'Sit esse doloremque repudiandae vero quo ea sit.','Benoît Joubert','[\"ROLE_USER\"]','https://lorempixel.com/http://http://cdn.osxdaily.com/wp-content/uploads/2014/07/users-and-groups-icon-mac.png/480/?18066','berthelot.christophe@live.com','[\"ROLE_ADMIN\"]','lF?f^{07mcY&m(}Ba'),(19,'Aurélie','Bourgeois','50, avenue de Besnard\n03492 ThomasBourg',9,33,'oui','oui',NULL,'2002-07-18','In illo officiis labore.','0105974479',33,'Suzanne','04 72 31 00 92',35,33,'Voluptatem ea veniam omnis eveniet ipsam ex quasi sapiente.','Andrée Bailly','[\"ROLE_USER\"]','https://lorempixel.com/http://http://cdn.osxdaily.com/wp-content/uploads/2014/07/users-and-groups-icon-mac.png/480/?28926','anais55@orange.fr','[\"ROLE_ADMIN\"]','#xh-Mg!'),(20,'Nath','Dos Santos','97, boulevard Olivie Hubert\n39064 Vincent',782474179,33,'oui','oui',NULL,'1971-09-22','Quia quam architecto consequatur et excepturi.','09 63 66 86 14',118509375,'Thomas','01 57 74 72 45',4,33,'Quaerat quas temporibus et sunt dolor voluptatem alias.','Timothée Roy','[\"ROLE_USER\"]','https://lorempixel.com/http://http://cdn.osxdaily.com/wp-content/uploads/2014/07/users-and-groups-icon-mac.png/480/?52896','philippe75@bouygtel.fr','[\"ROLE_ADMIN\"]',')$E5RA'),(21,'Auguste','Ribeiro','place Agnès Roche\n01 446 Moulin',773510700,8,'oui','oui',NULL,'1981-07-19','Ut nam ducimus qui sequi sint.','02 15 86 14 07',472493548,'Franck','+33 6 27 78 70 37',5,518190475,'Veritatis quo dolore possimus.','Édith Durand','[\"ROLE_USER\"]','https://lorempixel.com/http://http://cdn.osxdaily.com/wp-content/uploads/2014/07/users-and-groups-icon-mac.png/480/?99456','timothee.torres@bigot.net','[\"ROLE_ADMIN\"]','SX6fY1G0\\o\\>R\':X'),(22,'Antoine','Leleu','99, rue de Poulain\n33 417 Salmon-sur-Guerin',3,177936856,'oui','oui',NULL,'1982-10-14','Facere ut tempore nesciunt nesciunt explicabo maxime.','03 92 94 57 85',33,'Jeannine','+33 2 55 96 17 78',24,33,'Velit doloremque tempora officia libero.','Louise Daniel','[\"ROLE_USER\"]','https://lorempixel.com/http://http://cdn.osxdaily.com/wp-content/uploads/2014/07/users-and-groups-icon-mac.png/480/?48511','henri.leveque@guillet.com','[\"ROLE_ADMIN\"]','1}1}CcS}!Q(x=moqx&'),(23,'Émilie','Nguyen','1, rue Alix Roy\n44232 Fabre-sur-Perret',757216546,33,'oui','oui',NULL,'1977-04-17','Est velit officiis qui blanditiis.','+33 8 97 06 94 26',319715025,'Sylvie','+33 1 77 78 45 38',0,2,'Id id quae odio quasi.','Pauline Jacquot-Pierre','[\"ROLE_USER\"]','https://lorempixel.com/http://http://cdn.osxdaily.com/wp-content/uploads/2014/07/users-and-groups-icon-mac.png/480/?36492','sylvie21@guillou.net','[\"ROLE_ADMIN\"]','@\'3{Zwc00n);$z'),(24,'Agnès','Benard','14, chemin de Boulay\n38 746 Perrinnec',33,6,'oui','oui',NULL,'1992-09-03','Beatae officiis dolor voluptates magni libero est.','05 16 57 48 37',2,'Auguste','04 80 47 65 35',20,137101269,'Debitis modi et atque rerum porro non.','Arthur Lemonnier','[\"ROLE_USER\"]','https://lorempixel.com/http://http://cdn.osxdaily.com/wp-content/uploads/2014/07/users-and-groups-icon-mac.png/480/?73609','zjacob@sfr.fr','[\"ROLE_ADMIN\"]','.=oX*WN&O*84?wH[[A3~'),(25,'Alfred','Leblanc','5, avenue Alain Gillet\n30 805 ReyBourg',6,792927410,'oui','oui',NULL,'1994-08-17','Necessitatibus corrupti a sed.','0824094295',33,'Dominique','0891194181',0,815639459,'Ut est fugit non distinctio ducimus blanditiis qui ea.','Agnès Francois','[\"ROLE_USER\"]','https://lorempixel.com/http://http://cdn.osxdaily.com/wp-content/uploads/2014/07/users-and-groups-icon-mac.png/480/?66630','fpascal@martel.com','[\"ROLE_ADMIN\"]','RF-\",P##r'),(26,'Lucy','Gonzalez','9, rue Margot Petit\n00757 Hubert',33,1,'oui','oui',NULL,'2004-10-15','Ut blanditiis consequatur qui expedita aut ea incidunt.','0157468065',2,'Nath','0768391382',277,892320113,'Enim architecto quae quasi qui.','Guillaume Vallee','[\"ROLE_USER\"]','https://lorempixel.com/http://http://cdn.osxdaily.com/wp-content/uploads/2014/07/users-and-groups-icon-mac.png/480/?70060','celina73@bertin.fr','[\"ROLE_ADMIN\"]','M}W#VU3=7'),(27,'Constance','Lombard','boulevard de Noel\n32 108 Chevalier-sur-Clement',1,33,'oui','oui',NULL,'1992-08-30','Ea dolore vel doloribus perspiciatis voluptatem.','+33 1 58 21 39 46',33,'Susanne','+33 1 47 02 40 30',95,33,'Eos aut voluptas vitae neque dicta.','Marc Giraud','[\"ROLE_USER\"]','https://lorempixel.com/http://http://cdn.osxdaily.com/wp-content/uploads/2014/07/users-and-groups-icon-mac.png/480/?63684','christophe59@gmail.com','[\"ROLE_ADMIN\"]',':aUS)zH\\e,:(ZN$|P'),(28,'Alain','Gregoire','75, avenue de Delorme\n32 510 Schneider',122555021,33,'oui','oui',NULL,'1973-08-30','Odio est dolorem doloribus quod occaecati.','08 10 47 47 68',33,'Raymond','+33 1 97 84 98 35',802,33,'Consequuntur fuga ab enim est.','Clémence Neveu-Paris','[\"ROLE_USER\"]','https://lorempixel.com/http://http://cdn.osxdaily.com/wp-content/uploads/2014/07/users-and-groups-icon-mac.png/480/?44769','marine24@wanadoo.fr','[\"ROLE_ADMIN\"]','T?yw5DQK'),(29,'Guillaume','Bertrand','47, avenue de Richard\n48 196 Moreno',33,33,'oui','oui',NULL,'2006-12-16','Eum enim occaecati similique quae dolor amet laboriosam.','+33 (0)6 53 54 05 90',33,'Marthe','+33 (0)1 64 71 07 37',71,468632226,'Enim voluptatum dicta cumque cupiditate magnam.','Antoinette Didier','[\"ROLE_USER\"]','https://lorempixel.com/http://http://cdn.osxdaily.com/wp-content/uploads/2014/07/users-and-groups-icon-mac.png/480/?71658','thibault.bouchet@begue.com','[\"ROLE_ADMIN\"]','+uonwUQn:;KuRRZ'),(30,'Arnaude','Gilbert','75, rue de Meunier\n69427 Mahenec',4,33,'oui','oui',NULL,'1981-06-06','Quia voluptatem quia error labore est quidem libero quo.','+33 1 02 87 07 83',1,'Charles','+33 (0)8 12 83 08 88',6,377211974,'Repellendus molestiae esse assumenda doloremque temporibus.','Adélaïde Boulay','[\"ROLE_USER\"]','https://lorempixel.com/http://http://cdn.osxdaily.com/wp-content/uploads/2014/07/users-and-groups-icon-mac.png/480/?36930','jacquot.augustin@remy.fr','[\"ROLE_ADMIN\"]','m&^W{7<Y1l~YH8x8'),(31,'Alice','Berthelot','61, rue de Sanchez\n46 356 Leclerc',800183207,33,'oui','oui',NULL,'1993-09-14','A amet distinctio aut commodi.','+33 (0)2 32 45 33 98',33,'Andrée','09 65 33 61 96',70,33,'Et perspiciatis molestiae hic dolorem voluptate earum pariatur.','Dominique Bailly','[\"ROLE_USER\"]','https://lorempixel.com/http://http://cdn.osxdaily.com/wp-content/uploads/2014/07/users-and-groups-icon-mac.png/480/?50824','gilles.martineau@noos.fr','[\"ROLE_ADMIN\"]','X`@@I^Okk4ZTH#'),(32,'Alfred','Peltier','497, chemin Gabrielle Valentin\n05474 Guibert',764749964,9,'oui','oui',NULL,'1971-02-16','Eius dicta dolorem voluptatem sed.','+33 (0)8 92 10 12 41',33,'Emmanuelle','+33 (0)9 39 64 98 10',289,33,'Blanditiis porro laudantium voluptates et.','Victor Noel','[\"ROLE_USER\"]','https://lorempixel.com/http://http://cdn.osxdaily.com/wp-content/uploads/2014/07/users-and-groups-icon-mac.png/480/?95174','zmendes@sfr.fr','[\"ROLE_ADMIN\"]','vK#0I\\y0xW'),(33,'Stéphane','Riviere','47, chemin de Jean\n98 927 Nguyen',33,33,'oui','oui',NULL,'1992-03-03','Sed reiciendis doloremque sed ducimus illum ad.','+33 (0)2 64 47 68 81',33,'Suzanne','+33 2 88 34 22 75',86,322002687,'Impedit facilis eaque eum labore expedita magnam.','René du Valentin','[\"ROLE_USER\"]','https://lorempixel.com/http://http://cdn.osxdaily.com/wp-content/uploads/2014/07/users-and-groups-icon-mac.png/480/?68183','grodriguez@free.fr','[\"ROLE_ADMIN\"]','(n`r\\:mnP`lupV3>hH'),(34,'Sabine','Jacques','4, rue Baudry\n40076 Guerin',602045495,33,'oui','oui',NULL,'1978-08-11','Quia excepturi nihil sit tempore est quam et in.','0285380502',33,'Célina','0594578645',27,33,'Ratione voluptatem sed itaque cupiditate nemo.','Pauline du Marty','[\"ROLE_USER\"]','https://lorempixel.com/http://http://cdn.osxdaily.com/wp-content/uploads/2014/07/users-and-groups-icon-mac.png/480/?89510','honore.guillot@wanadoo.fr','[\"ROLE_ADMIN\"]','(5SojnK=[.`F@{'),(35,'Louise','Didier','3, avenue Joseph\n65 915 Hardynec',33,9,'oui','oui',NULL,'1992-04-19','Pariatur doloribus ut veniam itaque voluptatibus suscipit tempore.','+33 (0)1 62 91 60 38',828029780,'Adélaïde','0744662419',577,7,'Magnam sint aperiam voluptatem earum velit voluptatem omnis.','Diane Lenoir','[\"ROLE_USER\"]','https://lorempixel.com/http://http://cdn.osxdaily.com/wp-content/uploads/2014/07/users-and-groups-icon-mac.png/480/?53217','gilles.gregoire@live.com','[\"ROLE_ADMIN\"]','3wW7ZQe[3_`hD'),(36,'Stéphanie','Lesage','rue Roger Delaunay\n75976 Marchal',33,1,'oui','oui',NULL,'2016-09-24','Quidem et natus velit.','0255703681',33,'Louis','0946653754',89,258229442,'Aliquam aperiam modi fuga officia impedit quis optio rerum.','Claudine-Édith Denis','[\"ROLE_USER\"]','https://lorempixel.com/http://http://cdn.osxdaily.com/wp-content/uploads/2014/07/users-and-groups-icon-mac.png/480/?52128','capucine26@tele2.fr','[\"ROLE_ADMIN\"]','irt/{iJ(O>\'{:vxZ=x#S'),(37,'Margot','Millet','54, avenue Rousset\n97 442 Lopez',7,6,'oui','oui',NULL,'1971-04-05','Reiciendis ipsam velit consequatur eum est.','01 70 66 83 57',8,'Juliette','+33 2 44 10 86 13',53,33,'Vel delectus repellat et repudiandae.','Astrid Gaillard-Carlier','[\"ROLE_USER\"]','https://lorempixel.com/http://http://cdn.osxdaily.com/wp-content/uploads/2014/07/users-and-groups-icon-mac.png/480/?53424','paul.noemi@lenoir.com','[\"ROLE_ADMIN\"]','w;*NM*En'),(38,'Timothée','Chevallier','7, rue Richard\n28166 Brunet',8,33,'oui','oui',NULL,'2004-06-06','Voluptatem nam aperiam omnis ut deleniti atque enim.','+33 4 83 44 97 79',33,'Sylvie','0638892999',96,8,'Dolore quisquam est sit omnis culpa repellendus minus sint.','Valentine Renard','[\"ROLE_USER\"]','https://lorempixel.com/http://http://cdn.osxdaily.com/wp-content/uploads/2014/07/users-and-groups-icon-mac.png/480/?76231','augustin.paris@wanadoo.fr','[\"ROLE_ADMIN\"]','7jC5kwC[BTq'),(39,'Bertrand','Hebert','28, impasse Suzanne Denis\n77602 Renault',810802408,3,'oui','oui',NULL,'1994-02-10','Occaecati porro quis porro est molestiae.','+33 (0)6 87 69 34 29',33,'Susan','+33 4 43 55 05 03',985,33,'Cumque atque magnam beatae ipsam earum dolorem commodi.','Léon Gimenez','[\"ROLE_USER\"]','https://lorempixel.com/http://http://cdn.osxdaily.com/wp-content/uploads/2014/07/users-and-groups-icon-mac.png/480/?73776','coulon.caroline@hotmail.fr','[\"ROLE_ADMIN\"]','PqGs%E-$J(qn\"'),(40,'Gabriel','Dufour','6, impasse de Renard\n05278 Prevost-sur-Simon',5,3,'oui','oui',NULL,'1974-11-20','Dolores tenetur non sit vel voluptatem.','0819454270',7,'Eugène','08 97 95 05 05',276,1,'Rerum sint hic soluta repudiandae natus.','Madeleine Bourdon','[\"ROLE_USER\"]','https://lorempixel.com/http://http://cdn.osxdaily.com/wp-content/uploads/2014/07/users-and-groups-icon-mac.png/480/?33075','adrien95@gmail.com','[\"ROLE_ADMIN\"]','O^m-K8RX^\'\'g*'),(41,'Antoine','Pichon','22, avenue de Payet\n14751 Guillon',9,110430063,'oui','oui',NULL,'1995-05-28','Et sit atque nostrum earum.','+33 2 76 23 44 06',33,'Noël','+33 (0)5 79 81 23 20',97,33,'Provident laudantium sunt ex aspernatur quia maiores alias.','Daniel Baudry','[\"ROLE_USER\"]','https://lorempixel.com/http://http://cdn.osxdaily.com/wp-content/uploads/2014/07/users-and-groups-icon-mac.png/480/?17227','vdesousa@tele2.fr','[\"ROLE_ADMIN\"]','dSe\\G77'),(42,'Édith','Merle','54, rue François Riviere\n21479 Leveque-la-Forêt',148885697,2,'oui','oui',NULL,'2000-03-04','Qui voluptas deleniti doloremque est autem qui optio dolorem.','+33 2 75 29 92 29',1,'Marianne','0436824117',98,238337376,'Ut assumenda ea voluptatem omnis delectus.','Camille Paul','[\"ROLE_USER\"]','https://lorempixel.com/http://http://cdn.osxdaily.com/wp-content/uploads/2014/07/users-and-groups-icon-mac.png/480/?45075','lebon.susan@tiscali.fr','[\"ROLE_ADMIN\"]','u;WK778+j*t5Gw(\'z'),(43,'Auguste','Verdier','78, rue de Marin\n50 125 Louis',4,33,'oui','oui',NULL,'1970-05-17','Perferendis labore veritatis velit maiores soluta quae maxime.','02 35 28 40 72',1,'Madeleine','+33 9 01 86 90 17',793,33,'Atque sed esse sint et veniam repellat.','Alain Colas','[\"ROLE_USER\"]','https://lorempixel.com/http://http://cdn.osxdaily.com/wp-content/uploads/2014/07/users-and-groups-icon-mac.png/480/?54193','genevieve.bernier@martel.net','[\"ROLE_ADMIN\"]','iWD\"Jl'),(44,'Josette','Brun','97, rue Raymond Gregoire\n99 090 Marion-sur-Neveu',4,135197531,'oui','oui',NULL,'2007-03-19','Facere libero sit cumque aut debitis at earum molestias.','01 45 42 65 78',4,'Alfred','+33 (0)5 88 31 22 88',36,33,'Magnam enim totam minus et est qui recusandae.','Philippe Bourgeois','[\"ROLE_USER\"]','https://lorempixel.com/http://http://cdn.osxdaily.com/wp-content/uploads/2014/07/users-and-groups-icon-mac.png/480/?33239','franck.dufour@marques.com','[\"ROLE_ADMIN\"]','^f\"z3CnADzJOUb5Q*iD'),(45,'Maurice','Guillet','place Astrid Valette\n39997 Petit-sur-Lopez',33,3,'oui','oui',NULL,'1990-09-10','Impedit quia eaque dolore ut illum totam quis voluptas.','03 26 10 90 26',103511802,'Joseph','+33 3 13 42 62 74',27,33,'Et ut voluptate mollitia eum.','Christine-Suzanne Camus','[\"ROLE_USER\"]','https://lorempixel.com/http://http://cdn.osxdaily.com/wp-content/uploads/2014/07/users-and-groups-icon-mac.png/480/?93002','michele.pelletier@sfr.fr','[\"ROLE_ADMIN\"]',':0Ls9WoT/<{>Ld6N'),(46,'Georges','Da Costa','rue Lucy Gaudin\n41 761 Guerin',33,693669691,'oui','oui',NULL,'1994-02-06','Iure sequi quis fugiat quia.','08 91 00 46 13',1,'Catherine','+33 1 55 02 02 67',14,33,'Enim quis magni dolorum commodi consequatur voluptatem tenetur.','Agathe Lagarde','[\"ROLE_USER\"]','https://lorempixel.com/http://http://cdn.osxdaily.com/wp-content/uploads/2014/07/users-and-groups-icon-mac.png/480/?11997','nvallet@live.com','[\"ROLE_ADMIN\"]','~f2\")]<b\"WLE2iT)~/.%'),(47,'Marcel','Renard','43, avenue de Hamon\n28 647 Loiseau-sur-Marques',33,33,'oui','oui',NULL,'2002-10-06','Iure veritatis et culpa consequatur.','+33 (0)5 12 58 03 59',33,'Juliette','+33 (0)3 34 29 56 83',37,33,'Nesciunt provident rerum veniam.','Patrick-Franck Joly','[\"ROLE_USER\"]','https://lorempixel.com/http://http://cdn.osxdaily.com/wp-content/uploads/2014/07/users-and-groups-icon-mac.png/480/?68371','gcolin@gimenez.fr','[\"ROLE_ADMIN\"]','K;roVxx{Pf;q?HYA\\\'L#'),(48,'Corinne','Lambert','rue Amélie Imbert\n68 771 Bruneau',370620593,511510020,'oui','oui',NULL,'2012-11-19','Eos quo officia ratione hic.','09 49 10 73 50',802495534,'Aurore','03 26 54 51 28',0,945951888,'Dolore quia doloribus fugiat qui.','Augustin Klein','[\"ROLE_USER\"]','https://lorempixel.com/http://http://cdn.osxdaily.com/wp-content/uploads/2014/07/users-and-groups-icon-mac.png/480/?63006','jimbert@rolland.fr','[\"ROLE_ADMIN\"]','>feql/l23Fx]pY'),(49,'Océane','Lacroix','rue de Vasseur\n60067 Didier-sur-Gay',33,33,'oui','oui',NULL,'1971-11-11','Qui aut numquam reprehenderit rerum adipisci dolores.','0289087641',33,'Benjamin','+33 1 58 06 96 15',78,8,'Ullam sit sit quia.','Catherine Perret-Boulay','[\"ROLE_USER\"]','https://lorempixel.com/http://http://cdn.osxdaily.com/wp-content/uploads/2014/07/users-and-groups-icon-mac.png/480/?53905','morin.pauline@noel.com','[\"ROLE_ADMIN\"]','Qu~,-cvij*M`=IEb'),(50,'Hugues','Dumas','avenue Reynaud\n52579 Salmon',33,8,'oui','oui',NULL,'1977-02-02','Voluptate dolorum ea et porro animi officia voluptatem ad.','0619139672',3,'Thibaut','0210647074',619,737860116,'Architecto dolore sit veniam adipisci labore sunt.','Isaac Rousseau','[\"ROLE_USER\"]','https://lorempixel.com/http://http://cdn.osxdaily.com/wp-content/uploads/2014/07/users-and-groups-icon-mac.png/480/?71419','philippe87@schmitt.net','[\"ROLE_ADMIN\"]','L:gtE7+,QO2:IP4`'),(51,'Maggie','Antoine','boulevard Emmanuel Loiseau\n77657 Lambert-sur-De Oliveira',33,33,'oui','oui',NULL,'1976-06-16','Adipisci vel quae omnis repudiandae illo.','08 99 52 40 14',892292560,'Manon','+33 (0)5 69 61 19 28',77,6,'Est ex et velit.','Arthur Blanchard','[\"ROLE_USER\"]','https://lorempixel.com/http://http://cdn.osxdaily.com/wp-content/uploads/2014/07/users-and-groups-icon-mac.png/480/?98097','fdevaux@gmail.com','[\"ROLE_ADMIN\"]','`K~^-BXFp3WZ'),(52,'Philippe','Prevost','rue Dos Santos\n66160 Hervedan',1,33,'oui','oui',NULL,'1973-04-08','Necessitatibus iure ut optio et sapiente.','+33 9 05 86 70 12',4,'Christophe','+33 (0)9 48 38 60 07',14,6,'Beatae quisquam explicabo nostrum praesentium exercitationem ducimus sint.','Renée Lemaitre','[\"ROLE_USER\"]','https://lorempixel.com/http://http://cdn.osxdaily.com/wp-content/uploads/2014/07/users-and-groups-icon-mac.png/480/?73681','henriette89@morin.com','[\"ROLE_ADMIN\"]','*$*ZksFF'),(53,'Juliette','Fischer','77, chemin de Labbe\n31 005 Leclercq',33,33,'oui','oui',NULL,'1988-06-01','Et sed aut nemo sit odit aliquid sunt.','09 73 89 06 74',33,'Gabrielle','+33 3 11 68 67 86',652,1,'Exercitationem voluptate non necessitatibus sit ea a eligendi.','Claudine Courtois','[\"ROLE_USER\"]','https://lorempixel.com/http://http://cdn.osxdaily.com/wp-content/uploads/2014/07/users-and-groups-icon-mac.png/480/?97610','victor.arnaud@free.fr','[\"ROLE_ADMIN\"]','D2/nkj'),(54,'Christiane','Andre','94, rue Imbert\n93 902 Humbert',151120270,892101087,'oui','oui',NULL,'2006-10-17','Incidunt rerum quaerat quam quam.','+33 (0)1 91 88 45 74',4,'Hortense','0680302383',18,33,'Soluta fuga omnis iusto sequi ducimus.','Bertrand Labbe','[\"ROLE_USER\"]','https://lorempixel.com/http://http://cdn.osxdaily.com/wp-content/uploads/2014/07/users-and-groups-icon-mac.png/480/?64812','gros.sophie@voila.fr','[\"ROLE_ADMIN\"]','v^sXU)AmVk'),(55,'Vincent','Marie','7, impasse Sabine Lecomte\n93174 Fabre-sur-Pichon',8,513072976,'oui','oui',NULL,'2003-08-08','Et sunt facilis repudiandae ducimus non qui quia eum.','+33 3 13 07 18 61',2,'Martin','+33 (0)6 63 93 20 70',97,664041371,'Occaecati commodi repudiandae possimus explicabo reprehenderit officiis est.','Antoinette Bonneau','[\"ROLE_USER\"]','https://lorempixel.com/http://http://cdn.osxdaily.com/wp-content/uploads/2014/07/users-and-groups-icon-mac.png/480/?11052','devaux.francois@voila.fr','[\"ROLE_ADMIN\"]','@L=(\"?-},[d'),(56,'Isaac','Joseph','18, boulevard Descamps\n44 141 Guerin',33,33,'oui','oui',NULL,'2012-07-28','Id consequatur earum cumque dolores voluptate atque.','05 87 83 28 06',442396181,'Gabriel','03 38 22 73 07',0,161671223,'Voluptatibus voluptates cum libero ut consequuntur.','Hélène Bruneau','[\"ROLE_USER\"]','https://lorempixel.com/http://http://cdn.osxdaily.com/wp-content/uploads/2014/07/users-and-groups-icon-mac.png/480/?68453','adelaide.benard@free.fr','[\"ROLE_ADMIN\"]','?{yIS\'z'),(57,'Paulette','Gerard','426, avenue Josette Garcia\n66 329 Martineau',3,186186991,'oui','oui',NULL,'1975-11-14','Dolorem quos enim tenetur aut facere.','02 55 67 65 36',630105097,'Adrienne','+33 7 59 22 04 57',23,199339508,'Voluptatem veniam repellat inventore nisi ut.','Benoît Da Costa-Diaz','[\"ROLE_USER\"]','https://lorempixel.com/http://http://cdn.osxdaily.com/wp-content/uploads/2014/07/users-and-groups-icon-mac.png/480/?10905','gaudin.alfred@noos.fr','[\"ROLE_ADMIN\"]','d,aw4F5-:V#UZWBW]!,'),(58,'Émilie','Grenier','482, avenue de Girard\n55 212 RiviereVille',478354334,768684326,'oui','oui',NULL,'1991-02-27','Ipsum quo ea aliquid non eligendi.','+33 2 55 88 22 66',33,'Gabriel','+33 (0)6 57 94 62 23',46,1,'Aperiam aut in et est aliquid.','Christophe du Lamy','[\"ROLE_USER\"]','https://lorempixel.com/http://http://cdn.osxdaily.com/wp-content/uploads/2014/07/users-and-groups-icon-mac.png/480/?89577','barbier.benjamin@dupuis.fr','[\"ROLE_ADMIN\"]','T\"@:_VonK,'),(59,'Anaïs','Navarro','64, chemin de Gillet\n06846 Blanchet',351972071,33,'oui','oui',NULL,'1970-06-30','Et fuga ut autem magni.','+33 6 10 01 45 56',33,'André','+33 (0)3 26 59 56 90',266,33,'Error illum et inventore qui ipsam.','Valentine Bousquet-Dupuy','[\"ROLE_USER\"]','https://lorempixel.com/http://http://cdn.osxdaily.com/wp-content/uploads/2014/07/users-and-groups-icon-mac.png/480/?17837','joseph66@fouquet.net','[\"ROLE_ADMIN\"]','@Utg:qt,7'),(60,'Julie','David','45, rue Élodie Vallet\n45779 Rousset',3,33,'oui','oui',NULL,'1978-12-30','Quia quaerat perferendis dolorem perspiciatis quia.','05 14 44 79 80',33,'Laetitia','+33 (0)1 94 59 35 31',64,740796835,'Aut temporibus maxime animi qui nam est tenetur.','Clémence de la David','[\"ROLE_USER\"]','https://lorempixel.com/http://http://cdn.osxdaily.com/wp-content/uploads/2014/07/users-and-groups-icon-mac.png/480/?80885','iauger@tele2.fr','[\"ROLE_ADMIN\"]',')ih_<\'yZ%_#y'),(61,'Maryse','Roy','boulevard de Becker\n74823 Mace',400761746,33,'oui','oui',NULL,'1989-12-13','A doloremque aperiam omnis.','+33 1 62 08 68 05',33,'Aimée','+33 7 34 76 08 33',0,33,'Ratione mollitia blanditiis nesciunt velit nobis.','Adèle Potier-Pinto','[\"ROLE_USER\"]','https://lorempixel.com/http://http://cdn.osxdaily.com/wp-content/uploads/2014/07/users-and-groups-icon-mac.png/480/?16963','david.zoe@ifrance.com','[\"ROLE_ADMIN\"]','wrVJh+nJUsWC4vc'),(62,'Alphonse','Breton','82, boulevard Raymond Peron\n11 471 Legros-les-Bains',33,33,'oui','oui',NULL,'1997-01-17','Et non repellendus qui nam consequatur rerum.','+33 (0)7 32 83 45 89',33,'Olivier','+33 (0)3 59 52 17 07',28,174048090,'Voluptas est et unde est harum aliquam.','Gabriel Toussaint','[\"ROLE_USER\"]','https://lorempixel.com/http://http://cdn.osxdaily.com/wp-content/uploads/2014/07/users-and-groups-icon-mac.png/480/?39619','jfabre@vincent.org','[\"ROLE_ADMIN\"]','NxURbA-S.,]j'),(63,'Manon','Blanchet','563, rue Breton\n92 661 Valentin',118229392,9,'oui','oui',NULL,'1986-01-12','Mollitia tenetur ipsam labore totam soluta.','0574326585',33,'Emmanuel','+33 (0)5 38 63 96 91',9,33,'Eos reprehenderit rerum illum illum quaerat nesciunt.','Vincent Camus','[\"ROLE_USER\"]','https://lorempixel.com/http://http://cdn.osxdaily.com/wp-content/uploads/2014/07/users-and-groups-icon-mac.png/480/?26061','bbonneau@richard.org','[\"ROLE_ADMIN\"]','=+^|.a~Qutq8]#'),(64,'Isabelle','Colas','98, chemin Alain Morvan\n53467 Bodin',33,33,'oui','oui',NULL,'1975-12-26','Culpa ut deleniti veritatis itaque.','+33 (0)2 76 22 86 76',33,'Luc','+33 3 46 99 95 80',3,779512106,'Rem non et quibusdam laborum sit autem et.','Andrée Marechal','[\"ROLE_USER\"]','https://lorempixel.com/http://http://cdn.osxdaily.com/wp-content/uploads/2014/07/users-and-groups-icon-mac.png/480/?63822','aime.pelletier@lebon.net','[\"ROLE_ADMIN\"]','46&sLJq]u'),(65,'David','Chevallier','36, rue Christophe Lemaire\n56 754 Gay',33,1,'oui','oui',NULL,'2010-09-25','Quo deleniti non perferendis possimus deleniti eum perspiciatis id.','0342285362',33,'Madeleine','+33 (0)7 80 88 75 92',9,5,'Labore quia odio doloremque officiis.','Denis Mercier','[\"ROLE_USER\"]','https://lorempixel.com/http://http://cdn.osxdaily.com/wp-content/uploads/2014/07/users-and-groups-icon-mac.png/480/?95288','emmanuel85@club-internet.fr','[\"ROLE_ADMIN\"]',']L]-cB,KJPLur!z-$'),(66,'Éric','Raymond','14, boulevard Bodin\n00 009 Morinnec',33,6,'oui','oui',NULL,'2018-02-20','Eos quod ea voluptatem nemo distinctio autem.','+33 (0)4 95 46 09 02',33,'Xavier','06 75 20 11 01',3,33,'Reprehenderit distinctio nulla sunt repellat est.','Étienne Lambert','[\"ROLE_USER\"]','https://lorempixel.com/http://http://cdn.osxdaily.com/wp-content/uploads/2014/07/users-and-groups-icon-mac.png/480/?74413','therese59@besnard.org','[\"ROLE_ADMIN\"]','in@hN2lL.P`ie'),(67,'Gilles','Aubert','boulevard Coste\n95718 LarocheBourg',665261707,792265375,'oui','oui',NULL,'1974-12-29','Laboriosam non optio in.','07 89 03 89 30',7,'Théophile','+33 (0)1 62 26 29 10',960,33,'Mollitia corporis sed quibusdam molestiae vitae consequatur accusantium modi.','Jacques Pires-Fernandez','[\"ROLE_USER\"]','https://lorempixel.com/http://http://cdn.osxdaily.com/wp-content/uploads/2014/07/users-and-groups-icon-mac.png/480/?40180','marcel55@hotmail.fr','[\"ROLE_ADMIN\"]','\\`gO,hGM+Pn.z'),(68,'Odette','Bonneau','5, impasse de Delmas\n97639 RegnierVille',33,33,'oui','oui',NULL,'1996-08-05','Et sequi nostrum ut saepe autem hic possimus aliquam.','+33 9 72 03 54 16',390399394,'Martin','0737862216',83,33,'Ipsum fuga architecto dicta non.','Sylvie-Margot Guillot','[\"ROLE_USER\"]','https://lorempixel.com/http://http://cdn.osxdaily.com/wp-content/uploads/2014/07/users-and-groups-icon-mac.png/480/?28375','bvallet@reynaud.com','[\"ROLE_ADMIN\"]','lj,\'q)PQlFY>k>^>!'),(69,'Emmanuel','Aubert','63, avenue Gabriel Duhamel\n44 827 Bazin',429451514,124575009,'oui','oui',NULL,'1982-06-04','Tempora libero et fuga atque.','01 20 17 05 14',5,'Alice','+33 (0)1 03 56 92 43',10,33,'Et quo quaerat est laboriosam commodi et porro.','Margaux Pascal','[\"ROLE_USER\"]','https://lorempixel.com/http://http://cdn.osxdaily.com/wp-content/uploads/2014/07/users-and-groups-icon-mac.png/480/?40973','ngregoire@guillon.fr','[\"ROLE_ADMIN\"]','Yc&AhG;3$J&'),(70,'Georges','Vallet','213, boulevard de Neveu\n13882 Jacquet',9,1,'oui','oui',NULL,'2007-02-16','Veniam veritatis autem sint sequi illum maxime.','01 68 80 10 80',33,'Adèle','04 01 85 60 16',2,2,'Quod porro sint et reprehenderit.','Claudine Roger','[\"ROLE_USER\"]','https://lorempixel.com/http://http://cdn.osxdaily.com/wp-content/uploads/2014/07/users-and-groups-icon-mac.png/480/?48361','eleroux@bouchet.com','[\"ROLE_ADMIN\"]','ST\\>-Ktx^L/4'),(71,'Arnaude','Martel','472, chemin de Chauvet\n93764 Blot',33,271179906,'oui','oui',NULL,'2012-09-08','Dolorum alias amet voluptas mollitia.','0450321271',33,'Grégoire','+33 1 41 34 19 49',35,929251252,'Iure odit reiciendis cumque qui voluptatibus consequatur repellat.','David Fleury','[\"ROLE_USER\"]','https://lorempixel.com/http://http://cdn.osxdaily.com/wp-content/uploads/2014/07/users-and-groups-icon-mac.png/480/?50023','gilles.coste@sfr.fr','[\"ROLE_ADMIN\"]','R(k%%f3`MWF9T<3T#7%U'),(72,'Zacharie','Lesage','25, rue Guibert\n95 423 Chauvet',8,9,'oui','oui',NULL,'1993-08-26','Delectus dicta deleniti quia quae.','+33 1 45 07 65 55',3,'Christophe','+33 (0)9 49 44 17 48',74,1,'A ex beatae eaque velit quia nemo.','Laurent Roger','[\"ROLE_USER\"]','https://lorempixel.com/http://http://cdn.osxdaily.com/wp-content/uploads/2014/07/users-and-groups-icon-mac.png/480/?81675','xtexier@valentin.org','[\"ROLE_ADMIN\"]','>P)KbfPnpPNyFF+%A'),(73,'Céline','Mary','impasse de Guibert\n63 217 Grondin',33,1,'oui','oui',NULL,'1989-11-23','Quis occaecati officia autem repellat et sed.','+33 (0)4 10 53 35 02',33,'William','+33 3 35 41 58 56',2,376897785,'Recusandae dolores sunt pariatur voluptates expedita illo nulla.','Sophie Auger','[\"ROLE_USER\"]','https://lorempixel.com/http://http://cdn.osxdaily.com/wp-content/uploads/2014/07/users-and-groups-icon-mac.png/480/?67695','jmarechal@free.fr','[\"ROLE_ADMIN\"]','O)y]-3'),(74,'François','Bouvet','95, place de Boyer\n02687 Lagarde',33,33,'oui','oui',NULL,'1976-08-23','Assumenda voluptate ea cupiditate exercitationem labore maiores.','0427511214',183970703,'René','+33 (0)3 95 67 93 29',6,1,'Illo et iusto qui harum laboriosam libero.','Colette Deschamps','[\"ROLE_USER\"]','https://lorempixel.com/http://http://cdn.osxdaily.com/wp-content/uploads/2014/07/users-and-groups-icon-mac.png/480/?33996','noemi.alves@gmail.com','[\"ROLE_ADMIN\"]','e&I5+U'),(75,'Christiane','Laporte','chemin de Lucas\n72694 Paulnec',162406116,5,'oui','oui',NULL,'1996-06-10','Asperiores exercitationem minima nihil ut.','01 95 14 06 57',1,'Andrée','+33 8 22 92 68 36',146,9,'Tempora expedita qui repudiandae et illum.','Andrée Jean','[\"ROLE_USER\"]','https://lorempixel.com/http://http://cdn.osxdaily.com/wp-content/uploads/2014/07/users-and-groups-icon-mac.png/480/?39865','lejeune.josette@humbert.fr','[\"ROLE_ADMIN\"]','kRKiBfsahR-uKq}-'),(76,'Christophe','Dupuy','93, rue Jules Mahe\n52 078 Mallet',892659484,7,'oui','oui',NULL,'1971-05-12','Culpa fugiat nulla pariatur corporis animi qui vitae.','+33 (0)9 43 04 49 51',33,'Christine','+33 7 39 24 22 01',44,471104404,'Enim molestiae repellat ipsa et sint quibusdam repudiandae.','Roland Collet','[\"ROLE_USER\"]','https://lorempixel.com/http://http://cdn.osxdaily.com/wp-content/uploads/2014/07/users-and-groups-icon-mac.png/480/?74677','jean.roger@club-internet.fr','[\"ROLE_ADMIN\"]','z^A[}8'),(77,'Valentine','Lebreton','377, avenue Jacques Voisin\n19 715 Pruvost-la-Forêt',33,33,'oui','oui',NULL,'2002-01-20','Laborum alias neque adipisci quo sit fuga.','01 63 00 52 14',33,'Sabine','08 93 37 95 42',4,33,'Autem voluptas sunt sed et nihil.','Julie Jacob','[\"ROLE_USER\"]','https://lorempixel.com/http://http://cdn.osxdaily.com/wp-content/uploads/2014/07/users-and-groups-icon-mac.png/480/?25453','margaud85@orange.fr','[\"ROLE_ADMIN\"]','kcpWyOT['),(78,'Benjamin','Bazin','628, boulevard de Maillet\n73061 Colas-les-Bains',6,954076331,'oui','oui',NULL,'1995-05-31','Ipsa ab qui est qui aut omnis.','0663493399',3,'Émile','0405591909',8,33,'Repellendus qui aut inventore voluptates.','Nicole-Bernadette Pons','[\"ROLE_USER\"]','https://lorempixel.com/http://http://cdn.osxdaily.com/wp-content/uploads/2014/07/users-and-groups-icon-mac.png/480/?69253','narnaud@parent.com','[\"ROLE_ADMIN\"]','zJ,M-&O4cm/M9U4'),(79,'Danielle','Giraud','28, place Delmas\n57882 Mercier',33,368378113,'oui','oui',NULL,'1995-05-17','Cumque aut libero expedita.','03 73 39 89 03',33,'Rémy','+33 (0)3 26 19 61 64',43,33,'Aut et non rerum nemo voluptas sed.','Joséphine-Denise Guillet','[\"ROLE_USER\"]','https://lorempixel.com/http://http://cdn.osxdaily.com/wp-content/uploads/2014/07/users-and-groups-icon-mac.png/480/?50536','dominique.paul@laposte.net','[\"ROLE_ADMIN\"]','8vKVc2&/_Q09EL'),(80,'Adrien','Martineau','58, chemin Christophe Jacquot\n35 809 Olivier-sur-Da Silva',560724249,33,'oui','oui',NULL,'2008-07-19','Aliquid sunt qui in velit cupiditate a ratione.','08 24 32 98 22',33,'Dominique','+33 (0)8 20 78 96 27',0,100803272,'Illo eaque earum reiciendis tenetur et.','Tristan Guerin','[\"ROLE_USER\"]','https://lorempixel.com/http://http://cdn.osxdaily.com/wp-content/uploads/2014/07/users-and-groups-icon-mac.png/480/?74715','hortense14@hotmail.fr','[\"ROLE_ADMIN\"]','U`HQ\\:z\\W'),(81,'Colette','Costa','avenue de Pages\n22899 Fouquet',8,33,'oui','oui',NULL,'1987-07-10','Autem recusandae et dolores fuga excepturi consectetur.','+33 (0)9 48 88 63 98',260575722,'Anastasie','02 84 21 92 76',0,33,'Architecto itaque qui inventore hic laudantium corporis est omnis.','Margot-Sylvie Paul','[\"ROLE_USER\"]','https://lorempixel.com/http://http://cdn.osxdaily.com/wp-content/uploads/2014/07/users-and-groups-icon-mac.png/480/?19726','epons@dbmail.com','[\"ROLE_ADMIN\"]','\\S49Nx]BUPDBaj'),(82,'Philippe','Jourdan','9, avenue de Godard\n29581 Lagarde',33,33,'oui','oui',NULL,'1971-10-21','Exercitationem eum perspiciatis labore ex tenetur.','+33 (0)8 01 14 14 38',33,'Édouard','04 36 53 54 55',29,159764879,'Non sequi ut necessitatibus repellat.','Christine De Oliveira','[\"ROLE_USER\"]','https://lorempixel.com/http://http://cdn.osxdaily.com/wp-content/uploads/2014/07/users-and-groups-icon-mac.png/480/?63881','noemi.dossantos@free.fr','[\"ROLE_ADMIN\"]','D`]A?JN'),(83,'Louise','Lebon','14, impasse de Michel\n73 448 Dubois-sur-Mer',6,33,'oui','oui',NULL,'1986-02-18','Ipsam earum itaque eum quisquam quam eum rerum.','08 97 71 52 32',4,'Luc','+33 3 90 01 34 00',995,33,'Facilis velit facere assumenda saepe cum.','Étienne Grenier','[\"ROLE_USER\"]','https://lorempixel.com/http://http://cdn.osxdaily.com/wp-content/uploads/2014/07/users-and-groups-icon-mac.png/480/?60187','ines58@club-internet.fr','[\"ROLE_ADMIN\"]',')6y^\\K9Ad*,Y_U=dO*'),(84,'Xavier','Samson','71, boulevard Cousin\n88414 Baron-les-Bains',377759106,33,'oui','oui',NULL,'2001-12-04','In iure nihil eaque a quos sed dolores.','+33 6 99 16 20 54',3,'Lucas','08 28 23 96 47',0,7,'Totam et velit est odio.','Georges Marie','[\"ROLE_USER\"]','https://lorempixel.com/http://http://cdn.osxdaily.com/wp-content/uploads/2014/07/users-and-groups-icon-mac.png/480/?86303','omary@durand.fr','[\"ROLE_ADMIN\"]','6J#]EjV'),(85,'Alexandria','Guillon','22, chemin Paulette Samson\n17 017 Traore',897842413,6,'oui','oui',NULL,'1990-12-18','Sit saepe ut libero culpa placeat sunt et similique.','0233532946',33,'Lucy','+33 6 50 53 45 54',0,33,'A reprehenderit dolores consequatur atque.','Richard-Raymond Martinez','[\"ROLE_USER\"]','https://lorempixel.com/http://http://cdn.osxdaily.com/wp-content/uploads/2014/07/users-and-groups-icon-mac.png/480/?59352','pauline.faure@noos.fr','[\"ROLE_ADMIN\"]','[f|B4iy'),(86,'Chantal','Voisin','20, chemin Marechal\n91240 PintoVille',33,402821156,'oui','oui',NULL,'2018-11-10','Qui rerum et sunt.','+33 (0)2 47 39 26 71',3,'Olivier','+33 (0)4 66 29 80 80',0,6,'Est saepe quaerat rerum consequatur est.','Simone Gay','[\"ROLE_USER\"]','https://lorempixel.com/http://http://cdn.osxdaily.com/wp-content/uploads/2014/07/users-and-groups-icon-mac.png/480/?61502','bernadette00@laposte.net','[\"ROLE_ADMIN\"]','R?nLU*77'),(87,'Frédérique','Lenoir','68, rue de Laroche\n98 803 Lambert-sur-Bernier',115860808,3,'oui','oui',NULL,'2007-01-29','Laboriosam velit qui enim.','+33 (0)9 05 40 81 40',2,'Joseph','02 86 33 17 11',0,33,'Doloribus temporibus vitae enim totam amet quas praesentium.','Guy Leger','[\"ROLE_USER\"]','https://lorempixel.com/http://http://cdn.osxdaily.com/wp-content/uploads/2014/07/users-and-groups-icon-mac.png/480/?53932','philippe73@lacombe.net','[\"ROLE_ADMIN\"]','ky\\*gLl{{d7r/'),(88,'Guy','Allard','49, avenue Baron\n83395 Evrard',497090770,33,'oui','oui',NULL,'1970-11-18','Veniam repellat recusandae maiores asperiores vitae.','+33 (0)4 51 14 75 64',7,'Alix','05 70 48 33 05',0,33,'Laudantium et qui labore ipsa dicta eaque placeat.','Olivier Leduc','[\"ROLE_USER\"]','https://lorempixel.com/http://http://cdn.osxdaily.com/wp-content/uploads/2014/07/users-and-groups-icon-mac.png/480/?15752','laetitia37@yahoo.fr','[\"ROLE_ADMIN\"]','KIx07N)^4w~Iwp'),(89,'Olivier','Buisson','432, avenue Roger\n08750 GayVille',917998120,33,'oui','oui',NULL,'2005-02-26','Autem laborum laudantium reprehenderit consectetur illo.','0744058855',33,'Thibaut','+33 (0)2 24 30 30 10',2,4,'Quia quo porro tenetur doloribus.','Céline-Aurélie Salmon','[\"ROLE_USER\"]','https://lorempixel.com/http://http://cdn.osxdaily.com/wp-content/uploads/2014/07/users-and-groups-icon-mac.png/480/?74163','cbonnet@chauveau.net','[\"ROLE_ADMIN\"]','V_\\TT@Tor&ap'),(90,'Thérèse','Remy','place Lorraine Lelievre\n17 086 Valette',33,2,'oui','oui',NULL,'2013-01-14','Ullam libero vero modi ullam aliquam.','0277082161',33,'Susanne','06 42 29 07 30',33,33,'Asperiores odio atque nostrum et qui excepturi.','Zacharie de la Allard','[\"ROLE_USER\"]','https://lorempixel.com/http://http://cdn.osxdaily.com/wp-content/uploads/2014/07/users-and-groups-icon-mac.png/480/?63356','cimbert@laurent.com','[\"ROLE_ADMIN\"]','gV=5z_=$j@xbM'),(91,'Maryse','Marie','50, place de Morvan\n31127 Evrard-sur-Guerin',33,1,'oui','oui',NULL,'2012-05-25','Quidem quos quis vel sequi quidem voluptas.','+33 (0)5 16 61 24 37',33,'Isaac','+33 (0)1 33 09 63 70',6,9,'Doloribus dolor architecto dolorum eum.','Claire Poulain','[\"ROLE_USER\"]','https://lorempixel.com/http://http://cdn.osxdaily.com/wp-content/uploads/2014/07/users-and-groups-icon-mac.png/480/?45441','denis82@samson.fr','[\"ROLE_ADMIN\"]',':}Pg_i;]U'),(92,'Tristan','Weiss','261, rue Laetitia Mahe\n11 887 Chevalier',33,4,'oui','oui',NULL,'1994-11-18','Reiciendis quos magni quos minus exercitationem iusto nobis.','0265223719',897949027,'Auguste','0283951844',1,4,'Et doloribus tenetur placeat commodi.','Philippe-Jean Poirier','[\"ROLE_USER\"]','https://lorempixel.com/http://http://cdn.osxdaily.com/wp-content/uploads/2014/07/users-and-groups-icon-mac.png/480/?69097','elodie.dupuy@ifrance.com','[\"ROLE_ADMIN\"]',';7zOkb|x'),(93,'Arnaude','Garnier','impasse de Leconte\n62 036 Leleu',358343805,33,'oui','oui',NULL,'2000-04-15','Perspiciatis voluptas id eaque modi reiciendis.','0409714092',33,'Alice','+33 (0)5 57 90 84 04',69,33,'Delectus vitae aut et.','Hugues De Sousa','[\"ROLE_USER\"]','https://lorempixel.com/http://http://cdn.osxdaily.com/wp-content/uploads/2014/07/users-and-groups-icon-mac.png/480/?55573','cecile52@diaz.com','[\"ROLE_ADMIN\"]','=h:z1%Z8vr?[o\''),(94,'Geneviève','Hebert','55, boulevard de Pierre\n35 943 Herve-les-Bains',897261077,3,'oui','oui',NULL,'2001-11-04','Animi nobis commodi occaecati provident earum.','08 14 80 41 80',33,'Michelle','+33 8 27 24 25 98',14,628814484,'Similique nihil laboriosam expedita sit voluptatem repellendus.','Louise-Célina Foucher','[\"ROLE_USER\"]','https://lorempixel.com/http://http://cdn.osxdaily.com/wp-content/uploads/2014/07/users-and-groups-icon-mac.png/480/?12767','gregoire70@foucher.com','[\"ROLE_ADMIN\"]','n$|L]&Q`YjlrP404'),(95,'Gilbert','Roche','8, boulevard de Besnard\n67589 Briand',810899773,33,'oui','oui',NULL,'1982-11-22','Temporibus et dignissimos blanditiis ut sapiente voluptate consequatur.','+33 (0)3 96 67 42 30',695986495,'Martin','0891450165',0,33,'Nihil voluptatem voluptatibus architecto adipisci.','William Lemonnier-David','[\"ROLE_USER\"]','https://lorempixel.com/http://http://cdn.osxdaily.com/wp-content/uploads/2014/07/users-and-groups-icon-mac.png/480/?37413','michele.rodrigues@peron.fr','[\"ROLE_ADMIN\"]','c?/x7[k0buB}'),(96,'Franck','Blanc','40, place Anouk Lagarde\n67 199 Humbertdan',33,33,'oui','oui',NULL,'1989-11-08','Dolor ea eaque odit nesciunt quisquam.','+33 9 29 10 04 15',7,'William','+33 (0)5 37 43 18 56',79,33,'Quo culpa blanditiis pariatur et exercitationem.','Laure Texier','[\"ROLE_USER\"]','https://lorempixel.com/http://http://cdn.osxdaily.com/wp-content/uploads/2014/07/users-and-groups-icon-mac.png/480/?52319','thomas.bailly@wanadoo.fr','[\"ROLE_ADMIN\"]','>GY]:W'),(97,'Patrick','Leblanc','28, place Martin Evrard\n50 453 Lemaire',33,33,'oui','oui',NULL,'2016-08-10','Et maiores atque et eius veritatis ipsam enim.','+33 6 28 96 58 74',899041113,'Margot','06 93 04 48 28',0,33,'Ab velit quia ut.','Alexandre Barre','[\"ROLE_USER\"]','https://lorempixel.com/http://http://cdn.osxdaily.com/wp-content/uploads/2014/07/users-and-groups-icon-mac.png/480/?75991','lriou@mendes.com','[\"ROLE_ADMIN\"]','{hdJ+w'),(98,'Élodie','Etienne','86, impasse de Lebreton\n90794 Bernard',665690455,7,'oui','oui',NULL,'1988-06-23','Voluptatem et explicabo perferendis neque maxime.','+33 6 18 54 13 05',1,'Antoinette','+33 (0)2 36 52 06 94',0,383532264,'Aliquid quas enim enim a.','Michèle Joly-Martins','[\"ROLE_USER\"]','https://lorempixel.com/http://http://cdn.osxdaily.com/wp-content/uploads/2014/07/users-and-groups-icon-mac.png/480/?91600','uroy@boulay.net','[\"ROLE_ADMIN\"]','Q9y*=\'fH_:V'),(99,'Élise','Garcia','54, avenue Bouchet\n82136 Carlier-sur-Mer',9,2,'oui','oui',NULL,'2005-06-21','Ad laborum non suscipit in et reiciendis.','08 91 54 36 90',33,'Théodore','0463179385',0,33,'Sunt qui neque quos perferendis autem.','Zacharie Delahaye','[\"ROLE_USER\"]','https://lorempixel.com/http://http://cdn.osxdaily.com/wp-content/uploads/2014/07/users-and-groups-icon-mac.png/480/?59594','sebastien.hamel@toussaint.com','[\"ROLE_ADMIN\"]','$!1EedNcIRx&`[AW!n'),(100,'Emmanuelle','Clerc','10, rue Bertrand Joseph\n76653 Durand',33,812410222,'oui','oui',NULL,'1983-07-21','Recusandae et iste libero omnis est.','0572233202',33,'André','+33 (0)1 11 70 40 95',0,33,'Cumque modi sit fugiat laboriosam possimus explicabo labore.','Étienne Thierry','[\"ROLE_USER\"]','https://lorempixel.com/http://http://cdn.osxdaily.com/wp-content/uploads/2014/07/users-and-groups-icon-mac.png/480/?51041','xmaillard@ifrance.com','[\"ROLE_ADMIN\"]','J}uWYT+!z:Ee@j'),(101,'Célina','Rodriguez','92, impasse Teixeira\n09201 Gilles',773561941,33,'oui','oui',NULL,'1987-10-14','Et officiis magnam quos officiis id.','+33 (0)1 44 65 41 83',33,'Geneviève','0109194798',19,587411896,'Occaecati libero ab veniam dolore non.','Alexandria du Fernandes','[\"ROLE_USER\"]','https://lorempixel.com/http://http://cdn.osxdaily.com/wp-content/uploads/2014/07/users-and-groups-icon-mac.png/480/?18503','croux@bouygtel.fr','[\"ROLE_ADMIN\"]','C130=PKuo%>P=.K4lS,'),(102,'Gabriel','Morel','11, chemin Becker\n58 101 Gautier-les-Bains',33,33,'oui','oui',NULL,'2001-12-20','Voluptatem sed iste voluptas.','+33 (0)8 95 29 58 44',33,'Dominique','08 10 64 19 29',4,8,'Sit est eligendi voluptatem maxime non.','Noémi Aubert','[\"ROLE_USER\"]','https://lorempixel.com/http://http://cdn.osxdaily.com/wp-content/uploads/2014/07/users-and-groups-icon-mac.png/480/?67345','eugene98@guillet.com','[\"ROLE_ADMIN\"]','3mg8VMD9=mla4\'InZ'),(103,'Christiane','Turpin','rue de Mary\n74203 Masson',6,442244657,'oui','oui',NULL,'1991-01-28','Totam qui dolor cumque doloribus nesciunt.','01 32 94 36 04',4,'Alice','+33 4 42 42 07 95',463,893755127,'Sit sed iusto aut reprehenderit est nulla animi.','Astrid Rousset','[\"ROLE_USER\"]','https://lorempixel.com/http://http://cdn.osxdaily.com/wp-content/uploads/2014/07/users-and-groups-icon-mac.png/480/?27983','rossi.caroline@voila.fr','[\"ROLE_ADMIN\"]','cYn2q!oOb(TK@c6C'),(104,'Zoé','Tanguy','936, rue Richard\n84 050 Laroche',946579710,33,'oui','oui',NULL,'1997-01-23','Doloribus est nihil et sint accusamus eum sapiente.','+33 9 54 44 42 32',33,'Marie','0348746732',23,33,'Veniam occaecati omnis esse dolorum cupiditate saepe officia et.','Thibaut Boutin','[\"ROLE_USER\"]','https://lorempixel.com/http://http://cdn.osxdaily.com/wp-content/uploads/2014/07/users-and-groups-icon-mac.png/480/?84008','kdurand@valette.com','[\"ROLE_ADMIN\"]','KuFU49#5}=/6g'),(105,'Rémy','De Sousa','53, place Michelle Lecomte\n29 430 Blondeldan',618859305,33,'oui','oui',NULL,'1984-01-08','Quia soluta inventore odit qui nisi voluptates.','02 42 32 52 55',379335899,'Agnès','+33 (0)1 34 40 32 65',34,33,'Aliquid reprehenderit incidunt quis inventore labore et et harum.','Laurence Le Courtois','[\"ROLE_USER\"]','https://lorempixel.com/http://http://cdn.osxdaily.com/wp-content/uploads/2014/07/users-and-groups-icon-mac.png/480/?70675','monique23@tele2.fr','[\"ROLE_ADMIN\"]','n:L~}A{0k\'sE4[j(_x'),(106,'Marianne','Wagner','9, rue Vallee\n22731 Marin',7,1,'oui','oui',NULL,'1995-01-20','Voluptatem et at et eveniet exercitationem.','0252038257',33,'Inès','+33 (0)5 80 14 98 65',7,33,'Sit sed ut expedita dolores quia.','Margaret Le Guillou','[\"ROLE_USER\"]','https://lorempixel.com/http://http://cdn.osxdaily.com/wp-content/uploads/2014/07/users-and-groups-icon-mac.png/480/?26245','guy71@wanadoo.fr','[\"ROLE_ADMIN\"]','6meA:Z#9'),(107,'Philippe','Martel','23, boulevard Camille Delannoy\n13988 Traore',5,7,'oui','oui',NULL,'2011-09-12','Omnis possimus iure alias nemo.','0671404863',33,'Jules','+33 1 90 74 72 67',26,33,'Perspiciatis nihil possimus facere voluptatibus quod autem nesciunt.','Xavier Vallet-Devaux','[\"ROLE_USER\"]','https://lorempixel.com/http://http://cdn.osxdaily.com/wp-content/uploads/2014/07/users-and-groups-icon-mac.png/480/?62070','thibaut35@auger.fr','[\"ROLE_ADMIN\"]','^G[G/a{?n<^^.vCD<'),(108,'Thérèse','Rodriguez','place Guillon\n79 040 Gerarddan',33,9,'oui','oui',NULL,'2014-04-01','Voluptas incidunt placeat fugiat non.','03 60 02 41 00',33,'Zacharie','+33 (0)9 74 36 31 67',28,8,'Et praesentium deleniti error et laborum voluptates.','Sébastien Prevost','[\"ROLE_USER\"]','https://lorempixel.com/http://http://cdn.osxdaily.com/wp-content/uploads/2014/07/users-and-groups-icon-mac.png/480/?29881','mace.raymond@besson.org','[\"ROLE_ADMIN\"]','^#|xo<Up3'),(109,'Julien','Marie','32, boulevard de Bouchet\n35690 EtienneBourg',8,7,'oui','oui',NULL,'1994-06-18','Aperiam doloremque sit illo aut laudantium.','0963193920',33,'Olivie','+33 4 98 69 28 60',0,6,'Delectus totam voluptatem voluptas nemo iste inventore quidem.','Frédéric Gilles','[\"ROLE_USER\"]','https://lorempixel.com/http://http://cdn.osxdaily.com/wp-content/uploads/2014/07/users-and-groups-icon-mac.png/480/?17415','laurent.raymond@georges.org','[\"ROLE_ADMIN\"]','NFk]]MWZv(w!'),(110,'Rémy','Marques','place Patricia Dubois\n43 866 Boyerdan',33,891061049,'oui','oui',NULL,'1993-05-21','Sit doloribus ipsam amet sit magnam fugit.','+33 4 60 78 89 91',33,'Capucine','+33 (0)1 98 59 68 35',17,33,'Quae atque harum facere optio quis suscipit.','Antoine Bonneau','[\"ROLE_USER\"]','https://lorempixel.com/http://http://cdn.osxdaily.com/wp-content/uploads/2014/07/users-and-groups-icon-mac.png/480/?93893','alegall@voila.fr','[\"ROLE_ADMIN\"]','b@>PsSnji_VDYm@|+a;l'),(111,'Georges','Marie','3, avenue Antoinette Sauvage\n71 661 Dufour',33,196105209,'oui','oui',NULL,'1992-02-11','Tempore ea voluptatem in nihil.','02 34 98 90 73',2,'Éric','03 66 91 71 76',21,33,'Impedit dicta optio minima non alias nulla.','Théodore Fontaine','[\"ROLE_USER\"]','https://lorempixel.com/http://http://cdn.osxdaily.com/wp-content/uploads/2014/07/users-and-groups-icon-mac.png/480/?28292','hperrot@reynaud.fr','[\"ROLE_ADMIN\"]','}J>N%3_aoU_7<$3('),(112,'Claudine','Munoz','406, avenue Picard\n48 257 Pineau',33,6,'oui','oui',NULL,'1976-04-13','Totam doloremque veritatis et et consequatur error sint.','05 09 17 97 99',33,'Nicolas','0829158538',83,33,'Velit deleniti placeat natus aliquid sit dolores voluptate.','Bertrand Millet','[\"ROLE_USER\"]','https://lorempixel.com/http://http://cdn.osxdaily.com/wp-content/uploads/2014/07/users-and-groups-icon-mac.png/480/?94099','colette96@tele2.fr','[\"ROLE_ADMIN\"]','!u\"y:8/I'),(113,'Thierry','Marechal','38, rue Mathilde Hamel\n42284 Reynaud',192756630,2,'oui','oui',NULL,'1972-09-30','Nobis eligendi esse sit qui quia.','+33 (0)9 44 37 96 31',5,'Hortense','+33 (0)7 84 12 38 00',15,1,'Omnis facere aliquam voluptatibus sit.','Claudine Hernandez-Vidal','[\"ROLE_USER\"]','https://lorempixel.com/http://http://cdn.osxdaily.com/wp-content/uploads/2014/07/users-and-groups-icon-mac.png/480/?49490','auger.aurelie@yahoo.fr','[\"ROLE_ADMIN\"]','Ieh;fM%AV?,'),(114,'Théodore','Bernier','29, place Sabine Rocher\n20 519 Teixeira-sur-Leclercq',7,33,'oui','oui',NULL,'1980-12-30','Omnis consequatur maiores et ut aperiam fuga beatae.','+33 (0)1 58 88 99 60',33,'Lucie','+33 (0)2 91 53 03 91',0,33,'Voluptatem omnis provident et ut ut.','Michèle-Martine Noel','[\"ROLE_USER\"]','https://lorempixel.com/http://http://cdn.osxdaily.com/wp-content/uploads/2014/07/users-and-groups-icon-mac.png/480/?32975','gilles24@sfr.fr','[\"ROLE_ADMIN\"]','Xb6sur*P-$g:!\\'),(115,'Bertrand','Vallee','67, rue Bertrand Aubert\n86 375 Thibaultdan',1,766258611,'oui','oui',NULL,'1994-12-30','Ipsum quis numquam deleniti eos facere.','+33 1 92 51 31 92',33,'Daniel','+33 1 11 42 59 60',89,33,'Ut voluptates quidem perspiciatis accusamus saepe sint.','Charles Hubert','[\"ROLE_USER\"]','https://lorempixel.com/http://http://cdn.osxdaily.com/wp-content/uploads/2014/07/users-and-groups-icon-mac.png/480/?34137','bcouturier@michaud.com','[\"ROLE_ADMIN\"]','A35=MEL1T'),(116,'root','root',NULL,0,0,NULL,NULL,NULL,NULL,NULL,NULL,NULL,NULL,NULL,NULL,NULL,NULL,NULL,'[\"ROLE_USER\"]',NULL,'root@gmail.com','[\"ROLE_ADMIN\"]','root');
/*!40000 ALTER TABLE `users` ENABLE KEYS */;
UNLOCK TABLES;

--
-- Table structure for table `users_activities`
--

DROP TABLE IF EXISTS `users_activities`;
/*!40101 SET @saved_cs_client     = @@character_set_client */;
 SET character_set_client = utf8mb4 ;
CREATE TABLE `users_activities` (
  `users_id` int(11) NOT NULL,
  `activities_id` int(11) NOT NULL,
  PRIMARY KEY (`users_id`,`activities_id`),
  KEY `IDX_629A007167B3B43D` (`users_id`),
  KEY `IDX_629A00712A4DB562` (`activities_id`),
  CONSTRAINT `FK_629A00712A4DB562` FOREIGN KEY (`activities_id`) REFERENCES `activities` (`id`) ON DELETE CASCADE,
  CONSTRAINT `FK_629A007167B3B43D` FOREIGN KEY (`users_id`) REFERENCES `users` (`id`) ON DELETE CASCADE
) ENGINE=InnoDB DEFAULT CHARSET=utf8mb4 COLLATE=utf8mb4_unicode_ci;
/*!40101 SET character_set_client = @saved_cs_client */;

--
-- Dumping data for table `users_activities`
--

LOCK TABLES `users_activities` WRITE;
/*!40000 ALTER TABLE `users_activities` DISABLE KEYS */;
/*!40000 ALTER TABLE `users_activities` ENABLE KEYS */;
UNLOCK TABLES;

--
-- Table structure for table `youtube`
--

DROP TABLE IF EXISTS `youtube`;
/*!40101 SET @saved_cs_client     = @@character_set_client */;
 SET character_set_client = utf8mb4 ;
CREATE TABLE `youtube` (
  `id` int(11) NOT NULL AUTO_INCREMENT,
  `title` longtext COLLATE utf8mb4_unicode_ci NOT NULL,
  `sub_title` longtext COLLATE utf8mb4_unicode_ci NOT NULL,
  `link` longtext COLLATE utf8mb4_unicode_ci NOT NULL,
  `picture` longtext COLLATE utf8mb4_unicode_ci NOT NULL,
  PRIMARY KEY (`id`)
) ENGINE=InnoDB AUTO_INCREMENT=3 DEFAULT CHARSET=utf8mb4 COLLATE=utf8mb4_unicode_ci;
/*!40101 SET character_set_client = @saved_cs_client */;

--
-- Dumping data for table `youtube`
--

LOCK TABLES `youtube` WRITE;
/*!40000 ALTER TABLE `youtube` DISABLE KEYS */;
INSERT INTO `youtube` VALUES (2,'Des squellettes ds le placard','Squelettes?hjzegdjedhe\"','https://www.youtube.com/watch?v=mgfGrak7-Xs','60bcb6e1dfcb10434d51f64bd9e499bc.jpeg');
/*!40000 ALTER TABLE `youtube` ENABLE KEYS */;
UNLOCK TABLES;
/*!40103 SET TIME_ZONE=@OLD_TIME_ZONE */;

/*!40101 SET SQL_MODE=@OLD_SQL_MODE */;
/*!40014 SET FOREIGN_KEY_CHECKS=@OLD_FOREIGN_KEY_CHECKS */;
/*!40014 SET UNIQUE_CHECKS=@OLD_UNIQUE_CHECKS */;
/*!40101 SET CHARACTER_SET_CLIENT=@OLD_CHARACTER_SET_CLIENT */;
/*!40101 SET CHARACTER_SET_RESULTS=@OLD_CHARACTER_SET_RESULTS */;
/*!40101 SET COLLATION_CONNECTION=@OLD_COLLATION_CONNECTION */;
/*!40111 SET SQL_NOTES=@OLD_SQL_NOTES */;

-- Dump completed on 2019-01-06 14:22:34
